"name","DNA_97_S38","DNA73_S32","DNA76_S35"
"Aalivirus apekidu",0,0,0
"Aarhusvirus mysterion",0,0,0
"Acadevirus PM116",0,0,0
"Acadianvirus acadian",0,0,0
"Acajnonavirus acj9",0,0,0
"Acanthamoeba castellanii medusavirus",0,0,0
"Acanvirus Rheph22",0,0,0
"Acanvirus Y26",0,0,0
"Acidianus tailed spindle virus",0,0,0
"Acionnavirus monteraybay",0,0,0
"Aedes camptorhynchus reo-like virus",0,0,0
"Afonbuvirus faecalis",0,0,0
"Afonbuvirus intestinihominis",0,0,0
"Agatevirus agate",0,0,0
"Agave tequilana leaf virus",0,0,0
"Agricanvirus deimos",0,0,0
"Agtrevirus P46FS4",0,0,0
"Ahtivirus sagseatwo",0,0,0
"Akihdevirus balticus",0,0,0
"Alachuavirus Xp15",0,0,0
"Alasvirus muscae",0,0,0
"Alces alces faeces associated microvirus MP12 5423",0,0,0
"Alcyoneusvirus RaK2",0,0,0
"Alexandravirus AD1",0,0,0
"Alexandravirus SNUABM1",0,0,0
"Alexandravirus SNUABM16",0,0,0
"Alexandravirus SNUABM17",0,0,0
"Alexandravirus SNUABM2",0,0,0
"Alexandravirus SNUABM22",0,0,0
"Alexandravirus SNUABM3",0,0,0
"Alexandravirus SNUABM30",0,0,0
"Alexandravirus SNUABM32",0,0,0
"Alexandravirus SNUABM33",0,0,0
"Alexandravirus SNUABM35",0,0,0
"Alexandravirus alexandra",2,2,1
"Alisovirus socal22",0,0,0
"Almendravirus almendras",0,0,0
"Almendravirus balsa",0,0,0
"Alphaarterivirus equid",0,0,0
"Alphabaculovirus adhonmai",0,0,0
"Alphabaculovirus agipsilonis",0,0,0
"Alphabaculovirus agsegetum",0,0,0
"Alphabaculovirus alteragsegetum",0,1,0
"Alphabaculovirus alterchofumiferanae",0,0,0
"Alphabaculovirus aucalifornicae",0,0,0
"Alphabaculovirus bomori",0,0,0
"Alphabaculovirus busuppressariae",0,0,0
"Alphabaculovirus capomonae",0,1,0
"Alphabaculovirus chofumiferanae",0,0,0
"Alphabaculovirus chomurinanae",0,0,0
"Alphabaculovirus chorosaceanae",0,0,0
"Alphabaculovirus chrincludentis",0,0,0
"Alphabaculovirus chrychalcites",0,0,0
"Alphabaculovirus clabilineatae",0,0,0
"Alphabaculovirus covestigialis",0,0,0
"Alphabaculovirus crypeltasticae",0,0,0
"Alphabaculovirus cycundantis",0,0,0
"Alphabaculovirus dijunonis",0,0,0
"Alphabaculovirus ecobliquae",0,0,0
"Alphabaculovirus eppostvittanae",0,0,0
"Alphabaculovirus erankerariae",0,0,0
"Alphabaculovirus eupseudoconspersae",0,0,0
"Alphabaculovirus helarmigerae",1,0,0
"Alphabaculovirus heleucae",1,0,0
"Alphabaculovirus hycuneae",0,0,0
"Alphabaculovirus hytalacae",0,0,0
"Alphabaculovirus lafiscellariae",0,0,0
"Alphabaculovirus leseparatae",2,4,1
"Alphabaculovirus lonobliquae",0,0,0
"Alphabaculovirus lydisparis",1,7,1
"Alphabaculovirus maconfiguratae",0,0,0
"Alphabaculovirus mavitratae",0,0,0
"Alphabaculovirus olmendosae",0,0,0
"Alphabaculovirus opbrumatae",0,0,0
"Alphabaculovirus orleucostigmae",0,0,0
"Alphabaculovirus oxochraceae",0,0,0
"Alphabaculovirus peluscae",0,0,0
"Alphabaculovirus ranus",0,0,0
"Alphabaculovirus raous",0,0,0
"Alphabaculovirus sp. 'altermaconfiguratae'",0,0,0
"Alphabaculovirus speridaniae",0,3,0
"Alphabaculovirus spexemptae",0,0,0
"Alphabaculovirus splittoralis",0,0,0
"Alphabaculovirus spliturae",0,0,0
"Alphabaculovirus spofrugiperdae",0,0,1
"Alphabaculovirus thorichlaceae",0,0,0
"Alphabaculovirus travishnous",0,0,0
"Alphabaculovirus trini",0,0,0
"Alphabaculovirus urprotei",0,0,0
"Alphacarmotetravirus providencense",0,0,0
"Alphacarmovirus angeloniae",0,0,0
"Alphacarmovirus calibrachoae",0,0,0
"Alphacedratvirus aljazairmassiliense",1,0,0
"Alphachrysovirus cerasi",0,0,0
"Alphachrysovirus perseae",0,0,0
"Alphachrysovirus zeae",0,0,0
"Alphacoronavirus ferrumequini",0,0,0
"Alphacoronavirus myotis",0,0,0
"Alphacoronavirus neovisontis",0,0,0
"Alphacoronavirus nyctali",0,0,0
"Alphacoronavirus pipistrelli",0,0,0
"Alphacoronavirus sp.",0,0,0
"Alphacytorhabdovirus fragariarugosus",0,0,0
"Alphacytorhabdovirus lactumaculante",0,0,0
"Alphaendornavirus erysiphes",0,0,0
"Alphaendornavirus fucapsici",0,0,0
"Alphaendornavirus fuphaseoli",0,0,0
"Alphaendornavirus helianthi",0,0,0
"Alphaendornavirus miphaseoli",0,0,0
"Alphaendornavirus oryzae",0,0,0
"Alphaendornavirus phaseoli",0,0,0
"Alphaendornavirus psophocarpi",0,0,0
"Alphaendornavirus vitis",0,0,0
"Alphaendornavirus yerbae",0,0,1
"Alphaentomopoxvirus acuprea",0,0,0
"Alphafilamentovirus leboulardi",0,1,0
"Alphafusarivirus roselliniae",0,0,0
"Alphafusellovirus hengillense",0,0,0
"Alphagymnorhavirus piniflexilis",0,0,0
"Alphahypovirus sacchari",0,0,0
"Alphainfluenzavirus influenzae",0,0,0
"Alphamesonivirus casuarinaense",0,0,0
"Alphamesonivirus cavallyense",0,0,0
"Alphamesonivirus kadiweuorum",0,0,0
"Alphamononivirus schmidteae",0,0,0
"Alphanodavirus boolarraense",0,2,16
"Alphanucleorhabdovirus artemisiae",0,0,0
"Alphanudivirus alterdromelanogasteris",0,0,0
"Alphanudivirus droinnubilae",0,1,0
"Alphanudivirus dromelanogasteris",3,8,3
"Alphanudivirus grybimaculati",0,0,0
"Alphanudivirus oryrhinocerotis",0,0,0
"Alphanudivirus quartudromelanogasteris",2,0,0
"Alphanudivirus tertidromelanogasteris",0,1,0
"Alphaorpheovirus massiliense",0,7,0
"Alphapapillomavirus 9",0,0,0
"Alphapaprhavirus gata",0,0,0
"Alphapartitivirus betae",0,0,0
"Alphapartitivirus carotae",0,0,0
"Alphapartitivirus viciae",0,0,0
"Alphapironavirus salmonis",0,0,0
"Alphapithovirus sibericum",0,0,0
"Alphapolyomavirus quintihominis",0,0,0
"Alpharicinrhavirus bole",0,0,0
"Alphatorquevirus homin29",0,0,0
"Alphatorquevirus homin3",0,0,0
"Alphavirus barmah",0,0,0
"Alternavirus aspergilli",0,0,0
"Ambidensovirus CaaDV1",0,0,0
"Amdoparvovirus carnivoran4",0,0,0
"Amdoparvovirus carnivoran6",0,0,0
"Aminayvirus aminay",0,0,0
"Ampelovirus dioscoreae",0,0,0
"Ampelovirus pruni",0,0,0
"Anaposvirus socalone",0,0,0
"Anayavirus JAWS",0,0,0
"Andhravirus andhra",0,0,0
"Andhravirus sealphi",0,0,0
"Andihavirus borborohabitans",0,0,0
"Andromedavirus blastoid",0,0,0
"Andromedavirus riggi",0,0,0
"Angelvirus px29",0,0,0
"Anopheles C virus",0,0,0
"Antarctic picorna-like virus 2",0,0,0
"Antarctic picorna-like virus 4",0,0,0
"Antichaacvirus pescaderoense",1,0,0
"Aobingvirus yangshanense",0,0,0
"Aokuangvirus SCBWM1",1,0,0
"Aorunvirus V12",0,0,0
"Aparavirus apisacutum",1,62,3
"Aparavirus kashmirense",0,2,0
"Aparavirus vallesi",0,0,0
"Apdecimavirus AP10",1,0,0
"Aphroditevirus USC1",0,0,0
"Aphroditevirus aphrodite1",0,0,0
"Aphroditevirus av2TSL2019",0,0,0
"Apis mellifera filamentous virus",1,0,1
"Apocheima cinerarium nucleopolyhedrovirus",0,0,0
"Apodemus agrarius picornavirus",0,0,0
"Aquareovirus salmonis",4,16,12
"Aranavirus guiyangense",0,0,0
"Arceuthobium sichuanense virus 1",0,0,0
"Aresaunavirus RsoM1USA",0,0,0
"Army ant associated cyclovirus 4",0,0,0
"Arurhavirus xiburema",0,0,0
"Asclepias asymptomatic virus",0,0,0
"Ascovirus hvav3a",0,0,0
"Ascovirus sfav1a",0,0,0
"Asfivirus haemorrhagiae",0,0,0
"Ashivirus S45C4",1,0,0
"Aspduovirus Asp2",0,0,0
"Asteriusvirus PBECO4",0,0,0
"Astrovirus VA4",0,0,0
"Atlantic salmon swim bladder sarcoma virus",0,1,1
"Atlauavirus tusconc8",0,0,0
"Attisvirus vasanti",0,0,0
"Atuphduovirus atuph03",0,0,0
"Audreyjarvisvirus AM1",0,0,0
"Audreyjarvisvirus AM4",0,0,0
"Audreyjarvisvirus L47",0,0,0
"Audreyjarvisvirus P1048",0,0,0
"Audreyjarvisvirus WRP3",0,0,0
"Audreyjarvisvirus av949",0,0,0
"Aurivirus haliotidmalaco1",0,0,0
"Aurodevirus hiberniae",0,0,0
"Aurodevirus hominis",0,0,0
"Aurunvirus STIM5",0,0,0
"Aviadenovirus columbidae",0,0,0
"Aviadenovirus gallopavoprimum",0,0,0
"Aviadenovirus gallopavoquintum",0,0,0
"Aviadenovirus hydropericardii",0,1,0
"Aviadenovirus quintum",0,0,0
"Avian endogenous retrovirus EAV-HP",0,0,0
"Avipoxvirus canarypox",0,0,0
"Avipoxvirus fowlpox",0,0,0
"Avipoxvirus penguinpox",0,0,0
"Avipoxvirus pigeonpox",0,1,0
"Avipoxvirus turkeypox",0,0,0
"Avisivirus Pf-CHK1/AsV",0,0,0
"Avunavirus Av05",0,0,0
"Azorudivirus furnasense",0,0,0
"Bacelvirus phi46tres",0,0,0
"Bacillarnavirus setoensis",0,0,0
"Backyardiganvirus peaches",0,0,0
"Badnavirus betavirgamusae",0,0,0
"Badnavirus epsilonvirgamusae",0,0,0
"Badnavirus maculahederae",0,0,0
"Badnavirus meliae",0,0,0
"Badnavirus phirubi",0,0,0
"Baikalvirus PaBG",1,3,0
"Baldwinvirus EM",0,0,0
"Baoshanvirus BS1",0,1,0
"Barhavirus muir",0,0,0
"Barthadenovirus bossextum",0,0,0
"Barthadenovirus cervi",0,0,0
"Barthadenovirus draconis",0,0,0
"Barthadenovirus galloanserae",0,0,0
"Barthadenovirus ovis",0,0,0
"Bastillevirus hoodyT",0,0,0
"Bat associated densovirus",0,0,0
"Bat coronavirus",0,0,0
"Bat coronavirus BM48-31/BGR/2008",0,0,0
"Bathycoccus sp. RCC1105 virus BpV",0,0,0
"Batravirus ranidallo2",0,0,0
"Batravirus ranidallo3",0,0,0
"BeAn 58058 virus",0,0,0
"Beecentumtrevirus B103",0,0,0
"Beenievirus easley",0,0,0
"Begomovirus capsicummusivi",0,0,0
"Begomovirus capsicumyunnanense",0,0,0
"Begomovirus dalechampiae",0,0,0
"Begomovirus emiliafujianense",0,0,0
"Begomovirus jacquemontiamusivi",0,0,0
"Begomovirus jatrophae",0,0,0
"Begomovirus malvastrumcambodiaense",0,0,0
"Begomovirus moralesi",0,0,0
"Begomovirus sidamicranthae",0,0,0
"Begomovirus sidaureivariati",0,0,0
"Begomovirus siegesbeckiae",0,0,0
"Begomovirus solanumflavusmalacitanum",0,0,0
"Begomovirus solanummadagascarense",0,0,0
"Begomovirus solanummoheliense",0,0,0
"Begomovirus solanumpallidi",0,0,0
"Begomovirus solanumpatnaense",0,0,0
"Begomovirus wissadulaflavi",0,0,0
"Beihai narna-like virus 23",0,0,0
"Beihai permutotetra-like virus 2",0,0,0
"Beihai picorna-like virus 104",0,0,0
"Beihai picorna-like virus 18",0,0,0
"Beihai picorna-like virus 20",0,0,0
"Beihai picorna-like virus 43",0,0,0
"Beihai picorna-like virus 72",0,0,0
"Beihai picorna-like virus 91",0,0,0
"Beihai sea slater virus 2",0,0,0
"Beihai sea slater virus 4",0,0,0
"Beihai sesarmid crab virus 1",0,0,0
"Beihai sipunculid worm virus 1",0,0,0
"Beihai sobemo-like virus 25",0,0,0
"Beihai sobemo-like virus 5",0,0,0
"Beihai tiger crab virus 1",0,0,0
"Beihai tombus-like virus 10",0,0,0
"Beihai tombus-like virus 9",0,0,0
"Bellamyvirus bellamy",0,2,1
"Benyvirus solibetae",0,0,0
"Bequatrovirus riley",0,0,0
"Bequatrovirus spock",0,0,0
"Berlinvirus 285P",0,0,1
"Berlinvirus A7",0,0,0
"Berlinvirus BA14",0,0,0
"Berlinvirus Kvp1",0,0,0
"Berlinvirus PP74",0,0,0
"Berlinvirus PYPS50",0,0,0
"Berlinvirus S523",0,0,0
"Bertelyvirus BL9",0,0,0
"Besingivirus coli",0,0,0
"Betabaculovirus adoranae",0,0,0
"Betabaculovirus agsegetum",0,0,0
"Betabaculovirus alterclanastomosis",0,0,0
"Betabaculovirus altermyunipunctae",0,1,0
"Betabaculovirus arrapae",0,0,0
"Betabaculovirus chofumiferanae",190,47,19
"Betabaculovirus clanachoretae",0,0,0
"Betabaculovirus clanastomosis",0,0,0
"Betabaculovirus cnamedinalis",0,0,0
"Betabaculovirus cryleucotretae",0,0,0
"Betabaculovirus cypomonellae",0,0,0
"Betabaculovirus disaccharalis",0,0,0
"Betabaculovirus epaporemae",0,0,0
"Betabaculovirus erellonis",0,0,0
"Betabaculovirus helarmigerae",0,0,0
"Betabaculovirus hycuneae",0,0,0
"Betabaculovirus maphaseoli",0,1,0
"Betabaculovirus molatipedis",0,0,0
"Betabaculovirus phoperculellae",0,0,0
"Betabaculovirus plinterpunctellae",0,0,0
"Betabaculovirus pluxylostellae",0,0,0
"Betabaculovirus spliturae",0,0,0
"Betabaculovirus spofrugiperdae",0,4,2
"Betacoronavirus gravedinis",0,0,0
"Betacoronavirus muris",0,0,0
"Betacoronavirus pandemicum",1,0,0
"Betacoronavirus rousetti",0,0,0
"Betacytorhabdovirus alpharosae",0,0,0
"Betacytorhabdovirus broussonetiae",0,0,0
"Betacytorhabdovirus hordei",0,0,0
"Betadintovirus terrapene",0,0,0
"Betaendornavirus botrytidis",0,0,0
"Betaentomopoxvirus ahonmai",0,0,0
"Betaentomopoxvirus amoorei",0,0,0
"Betaentomopoxvirus cbiennis",71,5,0
"Betaentomopoxvirus mseparata",0,0,0
"Betafusarivirus rhizoctoniae",0,0,0
"Betafusellovirus hveragerdiense",0,0,0
"Betahymrhavirus heterodontonyx",0,0,0
"Betalipothrixvirus acidiani",0,0,0
"Betalipothrixvirus pezzuloense",0,0,0
"Betanucleorhabdovirus mali",0,0,0
"Betanucleorhabdovirus plectranthi",0,0,0
"Betanudivirus hezeae",0,2,1
"Betapapillomavirus 1",0,0,0
"Betapapillomavirus 2",0,0,1
"Betapapillomavirus 3",0,0,0
"Betapapillomavirus 5",0,0,0
"Betapartitivirus atkinsonellae",0,0,0
"Betapartitivirus fusarii",0,0,3
"Betapartitivirus octiheterobasidion",0,0,0
"Betapartitivirus pleuroti",0,0,0
"Betapartitivirus purpurae",0,0,0
"Betapartitivirus rhiso",0,0,0
"Betapartitivirus roselliniae",0,0,0
"Betapolyomavirus leporis",0,0,0
"Betapolyomavirus sasciureus",0,0,0
"Betapolyomavirus secuchlopygerythrus",0,0,0
"Betapolyomavirus securanorvegicus",0,0,0
"Betapolyomavirus tertidobsoniae",0,0,0
"Betaretrovirus maspfimon",0,0,0
"Betaretrovirus squmon",0,0,0
"Betatectivirus Wip1",1,0,0
"Betatorquevirus homini3",0,0,0
"Betatristromavirus kraflaense",0,0,0
"Betterkatzvirus betterkatz",0,0,0
"Biavirus raunefjordenense",5,0,0
"Bicaudavirus pozzuoliense",0,0,0
"Biomphalaria virus 3",0,0,0
"Biquartavirus 44RR2",0,0,0
"Biratnagar virus",0,33,0
"Birpovirus hominis",0,0,0
"Bismarckvirus shambre1",0,0,0
"Bixzunavirus tonenili",0,0,0
"Blattambidensovirus incertum1",3,1,1
"Blohavirus faecalis",0,0,0
"Blunervirus vaccinii",0,0,0
"Bocaparvovirus primate1",0,0,0
"Bocaparvovirus ungulate7",0,0,0
"Bocaparvovirus ungulate9",0,0,0
"Bohxovirus oralis",0,0,0
"Boiling Springs Lake RNA-DNA hybrid virus",0,0,0
"Bombyx mori bidensovirus",0,0,1
"Bombyx mori iflavirus",0,0,0
"Bongovirus reindeer",0,0,0
"Bonnellvirus smaasur",0,0,0
"Bostovirus bovis",0,0,0
"Botryotinia fuckeliana partitivirus 1",0,0,0
"Botrytimonavirus botrytidis",0,0,0
"Botrytimonavirus glycinis",0,0,0
"Bottigliavirus pozzuoliense",1,0,0
"Bottigliavirus puteoliense",0,0,0
"Bovine astrovirus",0,0,0
"Bragavirus p43",0,0,0
"Branisovskavirus Kc263",0,0,0
"Brazilian marseillevirus",0,0,0
"Brejeira virus",0,0,0
"Brevihamaparvovirus dipteran1",0,0,0
"Brevihamaparvovirus dipteran2",0,0,0
"Brigitvirus brigit",0,0,0
"Bristolvirus rhodeisland",0,0,0
"Brucesealvirus ZP2",0,0,0
"Bruynoghevirus Ab22",0,0,0
"Bruynoghevirus PAA2",0,0,0
"Bruynoghevirus PaP4",0,0,0
"Buchananvirus Sa179lw",0,0,0
"Buchavirus copri",0,0,0
"Buchavirus faecalis",0,0,0
"Buchavirus hominis",0,0,0
"Buchavirus intestinalis",0,0,0
"Buchavirus oralis",0,0,0
"Buchavirus splanchnicus",0,0,0
"Bucovirus buco",1,0,0
"Bufonid herpesvirus 1",0,4,0
"Bugaksanvirus R656",0,0,0
"Burzaovirus coli",1,0,0
"Burzaovirus faecalis",0,0,0
"Burzaovirus intestinihominis",0,0,0
"Busanvirus ACP17",0,0,0
"Cacao swollen shoot Ghana L virus",0,0,0
"Caeruleovirus BM15",0,0,0
"Caeruleovirus Bc431",0,1,0
"Caeruleovirus Bcp1",0,1,0
"Caeruleovirus deepblue",1,0,0
"Caligrhavirus lepeophtheirus",0,0,0
"Callevirus Calle",0,0,0
"Caminolopintovirus STGO351",0,0,0
"Camvirus joe",0,0,0
"Canhaevirus faecalis",0,0,0
"Canhaevirus hiberniae",0,0,0
"Cape gooseberry ilarvirus 1",0,0,0
"Capripoxvirus goatpox",0,0,0
"Capripoxvirus sheeppox",0,0,0
"Capulavirus euphorbiae",0,0,0
"Capvunavirus CpV1",0,0,0
"Carjivirus communis",0,0,0
"Carjivirus hominis",0,0,0
"Carlavirus necroligustri",0,0,0
"Carlavirus uniglycinis",0,0,1
"Carltongylesvirus Bp10",0,0,0
"Carltongylesvirus Bp7",0,0,0
"Carltongylesvirus DE15",0,0,1
"Carltongylesvirus GJ1",0,0,0
"Carltongylesvirus MLP1",0,0,0
"Carltongylesvirus PO1031",0,1,0
"Carltongylesvirus PYps16N",0,0,0
"Carltongylesvirus PYps23T",2,0,0
"Carltongylesvirus PYps3T",0,0,0
"Carltongylesvirus SA91KD",0,0,0
"Carltongylesvirus SKA49",0,0,0
"Carltongylesvirus ST32",0,0,0
"Carltongylesvirus flopper",0,0,0
"Carltongylesvirus mangalitsa",1,0,0
"Carmenvirus carmen17",0,0,0
"Caroctavirus CR8",0,0,0
"Carvajevirus carvaje",0,0,0
"Catfishvirus catfish",0,0,0
"Caulimovirus minutangelicae",0,0,0
"Caulimovirus tessellodahliae",0,0,0
"Caulimovirus tessellomirabilis",0,0,0
"Caulobacter virus Karma",0,0,0
"Cavemovirus collusipomeae",0,0,0
"Cavemovirus deltaepiphylli",0,0,0
"Cavevirus C121",0,0,0
"Cbastvirus ST",0,0,0
"Cbunavirus A41",0,0,0
"Cbunavirus CB1",0,0,0
"Cbunavirus CB4",0,0,0
"Cbunavirus Kc283",0,0,0
"Cbunavirus nepra",0,0,0
"Cbunavirus possum",0,0,0
"Cebadecemvirus phi10una",0,0,0
"Ceceduovirus assw",0,0,0
"Ceceduovirus aszj",0,0,0
"Ceceduovirus cc2",0,0,0
"Cecivirus IEBH",0,0,0
"Ceduovirus CHPC966",0,0,0
"Ceduovirus CHPC967",0,0,0
"Ceduovirus cv37203",0,0,0
"Ceduovirus cv5171F",0,0,0
"Ceetrepovirus darwin",0,0,0
"Cellubavirus phi19una",0,0,0
"Centapoxvirus microtuspox",1,2,1
"Centapoxvirus yokapox",0,0,0
"Centumtrigintavirus cv133",0,0,0
"Cepunavirus Cp1",0,0,0
"Cequinquevirus LLKu",0,0,0
"Ceratobasidium endornavirus A",0,0,0
"Certrevirus CR9",0,0,0
"Certrevirus PBES02",0,0,0
"Certrevirus phiTE",0,0,0
"Cervidpoxvirus muledeerpox",0,0,0
"Cetovirus ceto",0,0,0
"Chaedoavirus insecticola",0,0,0
"Chahsmivirus limivicinum",0,0,0
"Chakrabartyvirus pf16",0,0,0
"Chalconvirus acg2014i",1,0,0
"Changchunvirus W011D",0,3,0
"Changjiang astro-like virus",0,0,0
"Changjiang crawfish virus 4",0,0,0
"Changjiang crawfish virus 5",0,0,0
"Changjiang narna-like virus 2",0,0,0
"Changjiang narna-like virus 4",0,0,0
"Changjiang picorna-like virus 13",0,0,0
"Chaoshanvirus ZPAH34",0,0,0
"Chaovirus bigenum",0,0,0
"Chaoyangvirus BUCT49532",0,0,0
"Charybdisvirus scam3",0,1,0
"Charybnivirus charybdis",0,0,1
"Chatterjeevirus N4",0,0,0
"Chenonavirus Che9c",0,0,0
"Chenonavirus sbash",0,0,0
"Cheravirus ribis",0,0,0
"Cherry symptomless virus",0,0,0
"Cheungvirus NATL1A7",0,0,0
"Chipolycivirus hubeiense",0,0,0
"Chivirus chi",0,0,0
"Chloriridovirus aedes1",0,0,0
"Chloriridovirus anopheles1",0,0,0
"Chloriridovirus simulium1",0,0,0
"Chloriridovirus simulium2",0,0,1
"Chloriridovirus wiseana1",0,0,0
"Chlorovirus americanus",0,0,0
"Chlorovirus conductrix",0,1,0
"Chlorovirus vanettense",0,0,0
"Chosvirus KM23C739",0,0,0
"Chrysochromulina ericina virus",0,1,0
"Chrysochromulina parva virus",0,0,0
"Chrysonvirus as5",0,0,0
"Chuhaivirus simiae",0,0,0
"Chunghsingvirus P1201",0,0,0
"Cicadellivirus scaphoidei",0,0,0
"Cimandefvirus cimandef",0,0,0
"Cinqassovirus ah1",0,0,0
"Cinvestavvirus PaMx74",0,0,0
"Circovirus lepakko",0,0,0
"Circovirus naaleeli",0,0,0
"Circovirus-like genome DCCV-7",0,0,0
"Citrivirus citri",0,0,0
"Citrovirus coptotermitis",0,0,0
"Citrus endogenous pararetrovirus",0,0,0
"Claudivirus serpounce",0,0,0
"Claudivirus stitch",0,0,0
"Clawzvirus clawz",0,0,0
"Closterovirus flavicarotae",0,2,0
"Closterovirus vitis",0,0,0
"Clownvirus clown",0,0,0
"Coccolithovirus huxleyi",0,0,0
"Coetzeevirus JL1",0,0,0
"Cohcovirus hiberniae",0,0,0
"Colossusvirus PW",0,0,0
"Colossusvirus colossus",0,0,0
"Coltivirus kundalense",0,0,0
"Coltivirus tarumizuense",0,0,0
"Comovirus cucurbitae",2,0,0
"Copernicusvirus Efae230P4",0,0,0
"Copernicusvirus IME195",0,0,0
"Coralvirus coral",0,0,0
"Cordoba virus",0,0,3
"Corndogvirus ryadel",0,0,1
"Cornellvirus GRNsp27",0,0,0
"Cornellvirus SE1",0,0,0
"Cornellvirus SP31",0,0,2
"Cornellvirus St162",0,0,5
"Cornellvirus VSiP",0,0,7
"Cornellvirus shemara",0,0,4
"Cotonvirus japonicum",0,0,0
"Coventryvirus SP120",0,0,0
"Crabreovirus callinectes",0,0,0
"Cragig virus 1",0,0,0
"Craquatrovirus PSTCR4",0,0,0
"Crifsvirus A24",2,0,5
"Crifsvirus GAP52",1,0,8
"Crinivirus ipomeae",0,0,0
"Crinivirus lactucachlorosi",0,0,0
"Cripavirus NB-1/2011/HUN",2,2,0
"Cripavirus drosophilae",0,0,0
"Cripavirus grylli",15,0,0
"Cripavirus mortiferum",3,0,1
"Cripavirus ropadi",0,0,0
"Cronosvirus DevCD23823",1,0,0
"Cronosvirus GAP227",4,0,0
"Cronusvirus cronus",0,0,0
"Cuauhnahuacvirus Y65",0,0,0
"Cucumovirus PSV",0,0,0
"Cucurbit chlorotic yellows virus",0,0,0
"Cukevirus cuke",0,0,0
"Culex Iflavi-like virus 1",0,0,0
"Culex Iflavi-like virus 4",0,0,0
"Culex flavivirus",0,0,0
"Culex negev-like virus 3",133,0,0
"Culex pipiens-associated Tunisia virus",0,0,0
"Culex theileri flavivirus",0,0,0
"Culicidavirus imjinense",0,0,0
"Culoivirus americanus",0,0,0
"Culoivirus faecalis",0,0,0
"Cyamitesvirus I16",0,0,0
"Cyclovirus manitan",0,0,0
"Cyclovirus nietoperz",0,0,2
"Cyclovirus sawya",0,0,0
"Cyclovirus taniilai",0,0,0
"Cyclovirus totoi",0,0,0
"Cymopoleiavirus swam2",0,0,0
"Cynomolgus cytomegalovirus",0,0,0
"Cypovirus altineae",0,0,0
"Cypovirus choristoneurae",0,0,0
"Cypovirus trichoplusiae",0,0,0
"Cytomegalovirus cercopithecinebeta5",0,0,0
"Cytomegalovirus humanbeta5",0,0,0
"Cytomegalovirus macacinebeta3",0,0,0
"Cytomegalovirus macacinebeta8",0,0,0
"Cytomegalovirus mandrillinebeta1",1,0,0
"Cytomegalovirus paninebeta2",0,0,0
"Cytomegalovirus saimiriinebeta4",0,0,0
"Cyvirus anguillidallo1",0,0,0
"Cyvirus cyprinidallo1",4,9,5
"Cyvirus cyprinidallo2",0,0,0
"Cyvirus cyprinidallo3",0,0,0
"Dabirmavirus hominis",0,0,0
"Daemvirus acibel007",0,0,0
"Damravirus dentatis",0,0,0
"Danaus plexippus plexippus iteravirus",0,4,0
"Daphniairidovirus daphnia1",0,0,0
"Dardanusvirus dardanus",0,0,0
"Decapodiridovirus litopenaeus1",0,0,0
"Dechshavirus japanensis",0,0,0
"Delislevirus P1",0,0,0
"Delmidovirus copri",0,0,0
"Deltabaculovirus cunigripalpi",0,0,0
"Deltacoronavirus gallinulae",0,0,0
"Deltaentomopoxvirus msanguinipes",0,1,0
"Deltanudivirus tipoleraceae",0,0,0
"Deltapapillomavirus 5",0,1,0
"Deltapartitivirus fici",0,0,0
"Delusorvirus cascadiense",0,0,0
"Demosthenesvirus katyusha",0,0,0
"Dendoorenvirus RG2014",0,0,0
"Denisevirus denise",0,0,0
"Denvervirus dv9183",0,0,0
"Dependoparvovirus rodent2",0,0,0
"Deseoctovirus C1",0,0,0
"Desmodus rotundus endogenous retrovirus",0,0,0
"Dhakavirus JS10",0,0,0
"Dhakavirus JS98",0,0,0
"Dhakavirus anyang",0,0,0
"Dhakavirus bp7",0,0,0
"Dhakavirus ime08",1,0,0
"Dhakavirus ime281",0,0,0
"Dhakavirus ime348",0,2,0
"Dhakavirus vr5",0,0,0
"Dhillonvirus EC115",0,0,0
"Dhillonvirus paulfeyerabend",0,0,0
"Diamondback moth iflavirus",0,0,0
"Diatom colony associated dsRNA virus 5",0,0,0
"Dill cryptic virus 1",0,0,0
"Dilongvirus PHB09",0,0,0
"Dilzevirus borborohabitans",0,0,0
"Diorhovirus intestinalis",0,0,0
"Dishui lake phycodnavirus 1",0,0,0
"Dolusvirus shimokitaense",0,0,0
"Donellivirus gee",0,0,0
"Dongdastvirus Axy12",0,0,0
"Douglaswolinvirus B2",0,0,0
"Dpdavirus caudatum",0,0,0
"Dragonfly associated cyclovirus",0,0,0
"Drivevirus gastrointestinalis",0,0,0
"Drulisvirus K244",0,0,0
"Drulisvirus KPRio2015",0,0,0
"Drulisvirus KPV811",0,0,1
"Drulisvirus Kp2",0,0,0
"Drulisvirus KpV71",0,0,0
"Drulisvirus SU503",0,0,0
"Drulisvirus altogao",0,0,0
"Drulisvirus myPSH1235",0,0,0
"Duamitovirus scsc6",0,0,0
"Duck astrovirus GII.A",0,0,0
"Duwamo virus",0,0,0
"Dybvigvirus Av1",0,0,0
"Dyorhopapillomavirus 1",0,0,0
"Dyothetapapillomavirus 1",0,0,0
"Eapunavirus Eap1",0,0,1
"Efbeekayvirus Fbkp27",0,0,0
"Efbeekayvirus P184",0,0,0
"Efemunavirus Efm1",0,0,0
"Efquatrovirus AL3",0,0,0
"Efquatrovirus EF3",0,0,0
"Efquatrovirus EF4",0,0,0
"Efquatrovirus IME196",0,0,0
"Efquatrovirus SHEF2",0,0,0
"Efquatrovirus SHEF5",0,0,0
"Eganvirus SW9",1,0,1
"Egaro virus",0,0,0
"Eidolon helvum adenovirus",0,0,0
"Eidolonvirus eidolon",0,0,0
"Elanorvirus elanor",0,0,0
"Eldridgevirus eldridge",0,0,0
"Elephant endotheliotropic herpesvirus 3",0,1,1
"Elephant endotheliotropic herpesvirus 4",0,0,0
"Elmenteitavirus ev125",0,0,0
"Elpedvirus LpeD",0,0,0
"Elunavirus L1",1,1,1
"Elvirus EL",0,0,0
"Emaravirus camelliae",0,0,0
"Emaravirus kiwii",0,0,0
"Emaravirus parkinsoniae",0,0,0
"Emaravirus perillae",0,0,0
"Emaravirus populi",0,0,0
"Emaravirus verbanni",0,0,0
"Emaravirus ziziphi",0,0,0
"Emcearvirus gerard",0,0,0
"Emdodecavirus N3",0,0,0
"Emirosevirus emirose",0,0,1
"Enchivirus Enc34",0,0,0
"Enedivirus anar",0,0,0
"Eneladusvirus BF",0,0,0
"Eneladusvirus Yen904",0,0,0
"Enhodamvirus VC8",0,0,0
"Enquatrovirus N4",0,1,1
"Entomobirnavirus anophelae",0,0,0
"Entomobirnavirus drosophilae",0,0,0
"Ephemerovirus obodhiang",0,0,0
"Epseptimavirus LVR16A",0,0,0
"Epseptimavirus R201",0,0,0
"Epseptimavirus S124",0,0,0
"Epseptimavirus S132",0,0,0
"Epseptimavirus Sds2",0,0,0
"Epseptimavirus ev23",0,0,0
"Epseptimavirus falkor",0,0,0
"Epseptimavirus mar003J3",0,0,0
"Epsilonarterivirus hemcep",0,0,0
"Epsilonarterivirus zamalb",0,0,0
"Epsilonentomopoxvirus dlongicaudata",10,1,3
"Eptesicus fuscus gammaherpesvirus",0,0,0
"Eracentumvirus S2",0,0,0
"Eracentumvirus era103",0,0,1
"Ermolevavirus PhiKT",0,0,0
"Erskinevirus EaH2",0,0,0
"Erysiphe necator mitovirus 2",0,0,0
"Espirito Santo virus",0,0,0
"Etaarterivirus ugarco",0,0,0
"Euproctis digramma nucleopolyhedrovirus",0,0,0
"Eurybiavirus PHM2",1,0,0
"Evevirus ev239",0,0,0
"Exceevirus Xc38",0,0,0
"Fabavirus pruni",0,0,0
"Fadolivirus algeromassiliense",8,32,7
"Fairfaxidumvirus fairfaxidum",0,0,0
"Fajavirus faja",0,0,0
"Fako virus",0,0,0
"Farahnazvirus ISF9",0,0,0
"Faustvirus faust",0,0,0
"Faustvirus tunatartare",0,0,0
"Felixounavirus SP116",0,0,0
"Felixounavirus TP1",0,0,0
"Felixounavirus VpaE1",0,0,0
"Felixounavirus pinkbiff",0,0,0
"Fengtaivirus Axp2",0,0,0
"Feofaniavirus Eho49",0,0,0
"Feofaniavirus Eho59",0,0,0
"Feravirus neuropterus",0,0,0
"Feravirus sp. 'hemipterus'",0,0,0
"Fernvirus Hb10c2",0,0,0
"Ferozepurvirus PS1",0,0,0
"Ferozepurvirus pAEv1810",0,0,0
"Fibrovirus VP24",0,0,0
"Ficleduovirus FCV1",0,0,0
"Fifivirus fifi44",0,0,0
"Finchvirus finch",0,0,1
"Fionnbharthvirus eponine",0,0,0
"Fionnbharthvirus henu3",0,0,0
"Fionnbharthvirus patt",0,0,0
"Fipvunavirus Fpv4",0,0,0
"Firehammervirus CP21",0,0,0
"Firehammervirus CP220",0,0,0
"Firehammervirus CPt10",0,0,0
"Flamingopox virus FGPVKD09",0,0,0
"Fletchervirus CP81",0,0,0
"Fletchervirus Los1",0,0,0
"Flowerpowervirus flowerpower",0,0,0
"Flyfo siphovirus Tbat1_6",0,0,0
"Foetvirus P1723",0,1,1
"Fohxhuevirus gastrointestinalis",0,0,0
"Footloosevirus footloose",0,0,0
"Formica exsecta virus 1",0,0,0
"Forzavirus forza",0,0,1
"Foussvirus S46C10",0,0,0
"Foveavirus persicae",0,0,0
"Franklinbayvirus fv9A",0,0,0
"Fremauxvirus fv1706",0,0,0
"Freyavirus danklef",0,0,0
"Freyavirus freya",0,1,0
"Friunavirus AB1",0,0,0
"Friunavirus AS11",0,0,0
"Fukuivirus MVDC",0,0,0
"Fusarium poae partitivirus 2",0,0,0
"Fussvirus S30C28",0,0,0
"Gajwadongvirus ECBP5",0,0,0
"Gajwadongvirus PP99",0,0,0
"Galvastonvirus tweety19",0,0,0
"Gamaleyavirus EC1UPM",0,0,0
"Gamaleyavirus G17",0,0,0
"Gamaleyavirus G7C",0,0,0
"Gamaleyavirus IME11",0,0,1
"Gamaleyavirus Sb1",0,0,0
"Gamaleyavirus Sp5m",0,0,0
"Gamboa mosquito virus",0,0,0
"Gammaarterivirus lacdeh",0,0,0
"Gammabaculovirus neabietis",0,0,0
"Gammabaculovirus nelecontei",0,0,0
"Gammabaculovirus nesertiferis",0,0,0
"Gammacarmovirus melonis",0,1,0
"Gammacoronavirus galli",0,0,0
"Gammanudivirus cameanadis",0,0,0
"Gammanudivirus cracrangonis",0,0,0
"Gammanudivirus hogammari",0,0,0
"Gammapapillomavirus 1",4,0,0
"Gammapapillomavirus 15",0,0,0
"Gammapapillomavirus 18",0,0,0
"Gammapapillomavirus 19",0,0,0
"Gammapapillomavirus 2",0,0,0
"Gammapapillomavirus 20",0,0,0
"Gammapapillomavirus 21",0,0,0
"Gammapapillomavirus 24",0,0,0
"Gammapapillomavirus 6",0,0,0
"Gammapapillomavirus 7",0,0,0
"Gammapapillomavirus sp.",0,0,0
"Gammapartitivirus aspergilli",0,0,0
"Gammapartitivirus unodisculae",0,1,0
"Gammapleolipovirus hardyense",0,0,0
"Gammapolyomavirus padeliae",0,0,0
"Gammaretrovirus Hamursar",0,0,0
"Gammaretrovirus murleu",0,0,0
"Gammatorquevirus homidi12",0,0,0
"Gammatorquevirus homidi15",0,0,0
"Gaprivervirus arezed",0,1,1
"Gaprivervirus sp18",0,0,0
"Gaprivervirus vr20",0,0,0
"Gaprivervirus vr25",0,0,0
"Gaprivervirus vr26",0,0,0
"Gaprivervirus vr7",0,0,0
"Gediminasvirus AchV4",0,0,0
"Geezettvirus geezett",0,0,0
"Gelderlandvirus cgg41",0,0,0
"Gelderlandvirus melville",0,0,0
"Gelderlandvirus stp4a",0,0,0
"Gemycircularvirus draga1",0,0,0
"Gemycircularvirus ptero9",0,0,0
"Gemykibivirus haeme5",0,0,0
"Gemykibivirus rhina2",8,12,10
"Gemykolovirus ptero2",0,0,0
"Gemykroznavirus hydro1",2,6,0
"Gemyvongvirus humas1",0,0,0
"Geobacillus virus E2",0,0,0
"Geobacillus virus E3",0,0,0
"Gervaisevirus gervaise",0,0,0
"Getalongvirus getalong",0,0,0
"Ghunavirus gh1",0,0,0
"Giant panda circovirus 1",0,0,0
"Gihfavirus arvadaptatum",0,0,0
"Gilgameshvirus gilgamesh",0,0,0
"Gilsonvirus comrade",0,0,0
"Gilsonvirus gilson",0,0,0
"Gimaduovirus GMA2",0,0,0
"Glaucusvirus ssm5",0,0,0
"Glossinavirus glopallidipedis",0,0,0
"Godonkavirus phendrix",0,0,0
"Golden Marseillevirus",0,0,0
"Gordtnkvirus gordtnk2",0,0,0
"Gorganvirus isfahan",0,0,0
"Goukovirus cumutoense",0,0,0
"Goutanap virus",4,60,0
"Grapevine rupestris vein feathering virus",0,0,0
"Green Sichuan pepper nucleorhabdovirus",0,0,0
"Greenvirus ssm4",0,1,0
"Gruhelivirus agrusa",0,0,0
"Gualtarvirus mp1",1,0,0
"Guangdong red-banded snake torovirus",0,1,0
"Guelphvirus ACGM12",0,0,0
"Guinea pig adenovirus",0,1,1
"Gundelvirus Gundel",0,0,0
"Gwanakrovirus SNUABM08",0,0,0
"Hacihdavirus animalis",0,0,0
"Hadakavirus nanga",0,0,0
"Hadassahvirus azbtza1",0,0,0
"Haetaevirus PBC2",0,0,0
"Hagavirus psychrophilum",8,0,0
"Haifavirus tim68",0,0,0
"Halfdanvirus halfdan",0,0,0
"Haloferacalesvirus eilatense",0,0,0
"Haloferacalesvirus thailandense",0,0,0
"Hanko virus",0,0,0
"Hapavirus parry",0,0,0
"Hapunavirus VP882",0,0,0
"Harambevirus beachbum",0,0,0
"Harbinvirus semele",0,0,0
"Harrekavirus harreka",0,0,0
"Hartmanivirus brazilense",0,0,0
"Hartmanivirus haartmani",0,0,0
"Hattifnattvirus hattifnatt",0,0,0
"Heliconius erato iflavirus",0,0,0
"Helicoverpa armigera iflavirus",0,0,0
"Heliosvirus raunefjordenense",0,0,0
"Helsingorvirus Cba181",0,0,0
"Henunavirus SNUABM01",0,0,0
"Henunavirus hena1",0,0,0
"Henuseptimavirus henu7",0,0,0
"Hepacivirus colobi",0,0,0
"Hepacivirus otomopis",0,0,0
"Hepanhamaparvovirus decapod1",0,0,0
"Hepatovirus gafrisheta",0,1,1
"Hepatovirus hedgi",0,0,0
"Herbevirus herberti",0,0,0
"Herbevirus kibaleense",0,0,0
"Herbevirus taiense",0,0,0
"Higashivirus RSB1",0,0,0
"Higashivirus RsoP1IDN",0,1,0
"Hinxtonvirus K13",0,0,0
"Hodnevirus agrivivens",0,0,1
"Holosalinivirus M8CR302",0,0,0
"Homalodisca vitripennis reovirus",0,0,0
"Homburgvirus LP110",0,0,0
"Homburgvirus LP26",0,0,0
"Homochaacvirus californiense",0,0,0
"Hopescreekvirus LfeInf",0,0,0
"Hoswirudivirus pozzuoliense",0,0,0
"Hoswirudivirus saccharolobi",0,0,0
"Huanghaivirus snothree",0,0,0
"Hubavirus myriapedis",0,0,0
"Hubei Poty-like virus 1",0,0,0
"Hubei coleoptera virus 1",0,0,0
"Hubei diptera virus 1",0,0,0
"Hubei diptera virus 13",0,0,0
"Hubei endorna-like virus 1",0,0,0
"Hubei hepe-like virus 1",0,0,0
"Hubei hepe-like virus 3",0,0,0
"Hubei insect virus 2",0,0,0
"Hubei mosquito virus 4",1927,2612,2218
"Hubei narna-like virus 17",62,58,2
"Hubei odonate virus 5",0,0,0
"Hubei odonate virus 6",0,0,0
"Hubei picorna-like virus 14",0,0,0
"Hubei picorna-like virus 15",0,0,0
"Hubei picorna-like virus 16",0,0,0
"Hubei picorna-like virus 24",0,0,0
"Hubei picorna-like virus 27",0,0,0
"Hubei picorna-like virus 34",0,0,0
"Hubei picorna-like virus 35",0,0,0
"Hubei picorna-like virus 37",0,0,0
"Hubei picorna-like virus 45",0,0,0
"Hubei picorna-like virus 46",0,0,0
"Hubei picorna-like virus 49",0,0,0
"Hubei picorna-like virus 51",0,0,0
"Hubei picorna-like virus 52",0,0,0
"Hubei picorna-like virus 55",0,0,0
"Hubei picorna-like virus 60",6,20,12
"Hubei picorna-like virus 61",0,0,0
"Hubei picorna-like virus 70",0,0,0
"Hubei picorna-like virus 72",0,0,0
"Hubei tetragnatha maxillosa virus 2",10,0,0
"Hubei tetragnatha maxillosa virus 8",0,0,0
"Hubei tombus-like virus 39",0,0,0
"Hubei tombus-like virus 4",0,0,0
"Hubei tombus-like virus 8",0,0,0
"Hubei virga-like virus 2",28037,19103,4640
"Hubei virga-like virus 23",0,1,0
"Hudivirus muscae",0,0,0
"Huelvavirus ort11",0,0,0
"Human papillomavirus",0,0,0
"Hungariovirus C1302",0,0,0
"Husa-like virus KS-2016a",0,0,0
"Husavirus sp.",0,0,0
"Hymenopteran rhabdo-related virus",0,0,0
"Iapetusvirus EaH1",0,0,0
"Icerudivirus kverkfjoellense",0,0,0
"Ichtadenovirus acipenseris",0,0,0
"Ictavirus ictaluridallo1",1,1,1
"Ictavirus ictaluridallo2",0,0,0
"Identitycrisisvirus identitycrisis",0,0,0
"Iflavirus aladeformis",0,0,0
"Iflavirus betaspexiguae",0,0,0
"Iflavirus ectobliquae",0,0,0
"Iflavirus lineacelli",0,0,0
"Iflavirus pernudae",0,0,0
"Iflavirus spexiguae",0,0,0
"Iflavirus vomitus",0,0,0
"Ignaciovirus vondra",0,0,0
"Ilarvirus CLRV",0,0,0
"Ilarvirus PDV",0,0,0
"Ilomantsi virus",0,0,0
"Iltovirus cacatuidalpha2",0,0,0
"Iltovirus gallidalpha1",0,0,0
"Iltovirus psittacidalpha1",0,0,0
"Iltovirus psittacidalpha5",0,0,0
"Immutovirus immuto",0,0,0
"Inbricusvirus inbricus",0,0,0
"Incheonvirus P12002L",0,0,0
"Infratovirus hubeiense",0,0,0
"Ingelinevirus ingeline",0,0,0
"Inhavirus P12024L",0,0,0
"Inner Mongolia sediment arena-like virus",0,0,0
"Innesvirus RL38J1",0,0,0
"Inovirus M13",0,0,1
"Iodovirus PLPE",0,0,0
"Ipomovirus cucumisvenaflavi",0,0,0
"Ipomovirus cucurbitavenaflavi",0,0,0
"Ipomovirus manihotis",0,0,0
"Iridovirus armadillidium1",0,0,0
"Iridovirus chilo1",0,0,0
"Ishigurovirus osborne",0,1,0
"Iteradensovirus lepidopteran1",0,0,0
"Iteradensovirus lepidopteran2",0,7,0
"Iteradensovirus lepidopteran4",0,0,0
"Ithacavirus SP058",0,0,0
"Ithacavirus SP076",0,0,0
"Ittyvirus itty13",0,0,0
"Jahgtovirus gastrointestinalis",0,0,0
"Jahgtovirus intestinalis",0,0,0
"Jahgtovirus intestinihominis",0,0,0
"Jahgtovirus secundus",0,0,0
"Janusvirus janus",0,0,0
"Japarudivirus beppuense",0,0,0
"Jarilovirus jarilo",1,0,0
"Jarrellvirus BCAJ1",0,0,0
"Jasminevirus jasmine",0,0,0
"Jawnskivirus beans",0,0,0
"Jeilongvirus myodesis",0,0,0
"Jeilongvirus queenslandense",0,0,0
"Jeilongvirus tailamense",0,0,0
"Jenstvirus jenst",0,0,0
"Jeonjuvirus BSP38",0,0,0
"Jerseyvirus GRNsp50",0,0,0
"Jerseyvirus NBSal006",0,0,0
"Jerseyvirus SEW109",0,0,0
"Jerseyvirus jersey",0,0,0
"Jesfedecavirus phi3",0,0,0
"Jhansiroadvirus gwaliVC1",0,0,0
"Jiangsuvirus pspyzu05",0,0,0
"Jiaodavirus jd18",0,0,0
"Jiaodavirus kp179",0,0,0
"Jiaodavirus kppv15",0,0,0
"Jiaodavirus kpv477",0,0,0
"Jiaodavirus mineola",0,0,0
"Jiaodavirus pko111",0,0,0
"Jilinvirus ECOO78",0,0,0
"Johnsonvirus Ea92",0,0,4
"Johnsonvirus frozen",0,4,0
"Jouyvirus ev017",20,5,0
"Jouyvirus ev207",21,2,2
"Julieunavirus julie1",0,0,0
"Junduvirus communis",0,0,0
"Junduvirus copri",0,0,0
"Jwalphavirus jwalpha",0,0,0
"Kagamiyamavirus ecs1",1,0,0
"Kahnovirus copri",0,0,0
"Kahnovirus oralis",1,0,0
"Kahucivirus intestinalis",0,0,0
"Kakivirus PS3",0,0,0
"Kalppathivirus P26059B",0,0,0
"Kanagawavirus cipnine",0,0,0
"Kanagawavirus eclm",0,0,0
"Kanagawavirus mime",0,0,0
"Kanagawavirus pei20",7,4,1
"Kanagawavirus threeohfive",1,0,0
"Kanaloavirus scam9",0,0,0
"Kantovirus C171",0,0,0
"Karamvirus cc31",2,0,0
"Karamvirus mypsh1140",1,0,0
"Karamvirus petcm34",0,4,0
"Karamvirus pg7",2,0,1
"Karezivirus karezi",0,0,0
"Karimacvirus karimac",0,0,0
"Karimacvirus yaboi",0,2,0
"Kaumoebavirus",0,0,0
"Kayfunavirus 101118UKE1",0,0,0
"Kayfunavirus CR44b",0,0,0
"Kayfunavirus Dev2",0,0,0
"Kayfunavirus EcoDS1",0,0,0
"Kayfunavirus EcpYZU01",0,0,0
"Kayfunavirus F",0,0,0
"Kayfunavirus GA2A",0,0,0
"Kayfunavirus GW1",0,0,0
"Kayfunavirus IMM002",0,0,0
"Kayfunavirus K1F",0,0,0
"Kayfunavirus Ro45lw",0,0,0
"Kayfunavirus SFPH2",0,0,0
"Kayfunavirus SH3",0,0,0
"Kayfunavirus SH4",0,0,0
"Kayfunavirus ST31",0,0,0
"Kayfunavirus Vec13",0,0,0
"Kayfunavirus YZ1",0,0,0
"Kayfunavirus ZG49",0,0,0
"Kaypoctavirus KP8",0,2,0
"Kayvirus G15",0,0,0
"Kayvirus MCE2014",0,0,0
"Kayvirus S253",0,0,0
"Kayvirus rodi",0,0,0
"Kehishuvirus primarius",0,0,0
"Kehishuvirus splanchnicus",0,0,0
"Kelp fly virus",0,0,0
"Kembevirus SCBP2",0,0,0
"Kemiovirus caenivicinum",0,0,0
"Kenoshavirus crocheter",0,0,0
"Kenoshavirus ohmyward",0,0,0
"Kenyattavirus kv136",0,0,0
"Keshuvirus hurricane",0,0,0
"Keshuvirus macncheese",0,0,0
"Kharnvirus lucius",0,0,0
"Kilunavirus KL1",0,0,0
"Kinglevirus lutadaptatum",0,1,5
"Kirovvirus kirov",0,0,0
"Kisinvirus pescaderoense",0,0,0
"Klausavirus kburrousTX",0,0,0
"Klebsiella virus KpV2811",0,0,0
"Kleczkowskavirus RHEph4",0,0,0
"Klumppvirus A9",0,0,0
"Knuthellervirus PMBT14",0,0,0
"Kochikohdavirus ECP3",0,0,0
"Kochikohdavirus EF24CP2",0,0,0
"Kochitakasuvirus R18",0,0,0
"Kolesnikvirus Ea214",4,0,15
"Kolesnikvirus M7",17,0,68
"Kolpuevirus hominis",0,0,0
"Koteshevirus terrivivens",0,0,0
"Kotilavirus PPWS1",0,0,0
"Koutsourovirus Pec",5,4,5
"Krampusvirus krampus",0,0,0
"Kratiovirus omnicron",0,0,0
"Kratosvirus quantuckense",0,0,0
"Kremarvirus M51",0,0,0
"Kremarvirus VCM",0,0,0
"Kremarvirus kremar",0,0,0
"Krischvirus ecd7",0,0,0
"Krischvirus kfsec",0,0,0
"Kroosvirus tangerine",0,0,0
"Kujavirus kuja",1,0,0
"Kukrinivirus oligodontis",0,0,0
"Kukulkanvirus mexicoense",0,0,0
"Kungbxnavirus pT24",0,1,0
"Kunmingvirus kv4D05",0,0,0
"Kuravirus CHD5UKE1",0,0,0
"Kuravirus phiEco32",0,0,0
"Kuttervirus SenALZ1",0,0,1
"Kuttervirus bering",0,0,0
"Kvaramitovirus opno7",0,0,0
"Kwaitsingvirus HK544",0,0,0
"Kyungwonvirus CS01",0,0,0
"Kyungwonvirus Esp29491",1,0,0
"Labanvirus laban",0,0,0
"Lacusarxvirus lacusarx",0,0,0
"Lahexavirus LAh9",0,0,0
"Lake Sarah-associated circular virus-18",0,0,0
"Lake Sarah-associated circular virus-24",0,0,0
"Lake Sarah-associated circular virus-50",0,0,0
"Lake Sarah-associated circular virus-51",0,0,0
"Lake Sinai virus 1",0,0,0
"Lake Sinai virus 2",0,0,0
"Lambdavirus lvO276",0,0,0
"Laminvirus thailandense",0,0,0
"Lanavirus lana",0,0,0
"Lasallevirus Acj61",0,0,0
"Latrobevirus FNU1",0,0,0
"Lazarusvirus apostate",0,0,0
"Lebotivirus ichi",0,0,0
"Lebriduvirus gastrointestinalis",1,0,0
"Ledantevirus kumasi",0,0,0
"Ledantevirus wenzhou",0,0,0
"Leefvirus Leef",0,0,0
"Lentimonavirus lentinulae",0,0,0
"Lentivirus bovimdef",0,0,0
"Lentivirus humimdef1",0,0,0
"Lenusvirus lenus",0,0,0
"Leporipoxvirus myxoma",0,0,0
"Leporipoxvirus shope",0,0,0
"Leucotheavirus syn30",1,0,0
"Libanvirus ptim40",0,0,0
"Libingvirus BUCT695",0,0,0
"Lietduovirus LIET2",0,1,0
"Likavirus izzy",0,1,0
"Lilmcdreamyvirus lilmcdreamy",0,0,0
"Lilyvirus lily",0,0,0
"Limdunavirus LN03",0,0,0
"Limelightvirus limelight",1,0,4
"Limestonevirus limestone",0,0,0
"Lindendrivevirus EB49",0,0,0
"Lingvirus PGSP1",0,0,0
"Lipsvirus ssm7",0,0,0
"Lishizhenvirus BUCT566",0,0,0
"Littlefixvirus 98Pflur60pp",0,0,0
"Llyrvirus SSKS1",0,0,0
"Loessnervirus SSEM1",0,0,0
"Loghdhuvirus borborovicinum",0,0,0
"Lokivirus loki",0,0,0
"Longan witches broom-associated virus",0,0,0
"Losannavirus lausannense",0,0,0
"Losannavirus tunisense",0,0,0
"Loughboroughvirus ZCSE2",31,0,0
"Lowelvirus tuscon4d",0,0,0
"Luckytenvirus lucky10",0,0,0
"Ludhianavirus D3",0,0,0
"Ludhianavirus LAh10",0,0,0
"Lumosvirus whirlwind",0,0,0
"Luteovirus rosae",0,0,0
"Luteovirus trifolii",0,0,0
"Lutzomyia reovirus 1",0,0,0
"Luzseptimavirus LUZ7",0,0,0
"Lymphocryptovirus callitrichinegamma3",0,0,0
"Lymphocryptovirus humangamma4",0,0,0
"Lymphocryptovirus macacinegamma13",0,0,0
"Lymphocystis disease virus Sa",0,0,0
"Lymphocystivirus micropogonias1",0,0,0
"Lymphocystivirus paralichthys1",0,0,0
"Lymphocystivirus platichthys1",0,0,0
"Lyssavirus ikoma",0,0,0
"Maaswegvirus Kp24",4,1,0
"Macaca mulatta papillomavirus 3",0,0,0
"Macariavirus tuscon14g",0,0,0
"Macavirus alcelaphinegamma1",0,0,0
"Macavirus alcelaphinegamma2",0,0,0
"Macavirus bovinegamma6",0,0,0
"Macavirus ovinegamma2",0,0,0
"Macavirus suidgamma3",1,0,0
"Macavirus suidgamma4",0,0,0
"Macavirus suidgamma5",0,0,0
"Machinavirus machina",0,0,0
"Macrophomina phaseolina tobamo-like virus",0,0,0
"Macropopoxvirus mfuliginosuspox",0,0,0
"Macropopoxvirus mgiganteuspox",0,0,0
"Maenadvirus P1",0,0,0
"Maenadvirus maenad",0,0,0
"Magoulivirus etaplasmoparae",0,0,0
"Mahlunavirus rarus",0,1,0
"Mahstovirus faecalis",0,0,0
"Makaravirus thirtyfour",0,0,0
"Makelovirus prm1",0,0,0
"Malacosoma neustria nucleopolyhedrovirus",0,0,0
"Mallosvirus mallos",0,0,0
"Mamastrovirus miniopteri",0,0,0
"Mamastrovirus virginiaense",0,0,0
"Mammarenavirus cameroonense",0,0,0
"Mammarenavirus dhati-welelense",0,0,0
"Mammarenavirus lijiangense",0,0,0
"Manovirus Mano",0,0,0
"Manticavirus vombatidgamma1",0,0,0
"Mapvirus Ff47",0,0,0
"Marafivirus medicagonis",0,0,0
"Mardivirus columbidalpha1",0,0,0
"Mardivirus gallidalpha2",0,0,0
"Mardivirus gallidalpha3",0,0,0
"Mardivirus meleagridalpha1",0,28,0
"Mardivirus spheniscidalpha1",0,0,0
"Marfavirus F48",0,0,1
"Marfavirus marfa",3,0,0
"Margaeryvirus margaery",0,0,0
"Marseillevirus massiliense",1,0,0
"Marseillevirus sp. 'Melbournevirus'",0,0,0
"Marsupivirus aburpengari",0,0,0
"Mascletvirus VLCpiM12a",0,0,0
"Mastadenovirus blackbeardi",0,0,0
"Mastadenovirus caesari",41,0,0
"Mastadenovirus canidae",0,0,0
"Mastadenovirus cynocephali",0,0,0
"Mastadenovirus delphini",0,0,0
"Mastadenovirus encephalomyelitidis",0,0,0
"Mastadenovirus exoticum",0,0,0
"Mastadenovirus faecale",0,0,0
"Mastadenovirus longumcaudae",0,0,0
"Mastadenovirus macacae",0,0,0
"Mastadenovirus musauriti",0,0,0
"Mastadenovirus ovisoctavum",0,0,0
"Mastadenovirus porcustertium",0,0,0
"Mastadenovirus pteropodidae",0,0,0
"Mastadenovirus rhesi",0,0,0
"Mastadenovirus russelli",0,0,0
"Mastadenovirus sciuri",0,0,0
"Mastadenovirus simiavigesimum",0,0,0
"Mastrevirus cicerosis",0,0,0
"Mastrevirus erythrodiplaxis",0,0,0
"Matervirus mater",0,0,0
"Mavirus cafeteriae",0,0,0
"Mazuvirus scam7",0,0,0
"Meadowvirus AH04",0,0,0
"Megalocytivirus lates1",0,0,0
"Megalocytivirus pagrus1",0,0,0
"Megavirus chilense",0,0,0
"Megavirus powaiense",17,4,0
"Megrivirus aturhepa",0,0,0
"Melbournevirus REQ2",0,0,0
"Mercadeo virus",0,0,0
"Merhavirus merida",1822,18417,5674
"Merida-like virus KE-2017a",2,10,3
"Merivirus PM2",0,0,0
"Metaavulavirus calidris",0,0,0
"Metamorphoovirus ariadne",0,0,0
"Metapneumovirus avis",0,0,0
"Metapneumovirus hominis",0,0,0
"Methanoculleus virus L4768",0,0,0
"Metrivirus ME3",0,0,0
"Miamivirus miami",0,0,0
"Micromonas pusilla virus 12T",0,0,0
"Micromonas sp. RCC1109 virus MpV1",0,0,0
"Microwolfvirus soildragon",0,0,0
"Midgardsormrvirus midgardsormr38",0,0,2
"Mieseafarmvirus RSL1",0,0,0
"Miltoncavirus PhiPA3",0,0,0
"Miltonvirus MAM1",0,0,0
"Mimasvirus CBB",0,0,0
"Mimasvirus GAP32",0,0,0
"Mimivirus bradfordmassiliense",1,1,0
"Mimivirus terra2",3,0,1
"Mincapvirus eilatense",0,0,0
"Minhovirus zip",0,0,0
"Minipunavirus MP2",1,0,0
"Minipunavirus MmP1",0,1,0
"Moazamivirus 711",1,6,4
"Moazamivirus SE131",1,6,7
"Mobatvirus lenaense",0,0,0
"Mohonavirus ICP1",0,0,0
"Moineauvirus CHPC1062",7,6,4
"Moineauvirus CHPC1148",0,0,0
"Moineauvirus CHPC663",0,0,0
"Moineauvirus CHPC877",0,0,0
"Moineauvirus CHPC919",0,0,0
"Moineauvirus CHPC928",0,0,0
"Moineauvirus D1024",0,0,0
"Mollivirus sibericum",8,19,15
"Molluscipoxvirus molluscum",0,0,0
"Montyvirus birksandsocks",0,0,0
"Montyvirus jellybones",0,0,0
"Montyvirus stevefrench",0,0,0
"Mooglevirus mordin",0,0,0
"Moonbeamvirus moonbeam",0,0,0
"Moonvirus cf1",0,0,0
"Moonvirus kayemsixteen",0,0,0
"Moonvirus merlin",0,0,1
"Moonvirus moon",0,0,0
"Mooreparkvirus Lb3381",0,0,0
"Moovirus moo",0,0,2
"Morbillivirus canis",0,0,0
"Morbillivirus caprinae",0,0,0
"Mosigvirus 0157tp3",0,0,0
"Mosigvirus 25307",0,0,0
"Mosigvirus RB69",0,0,0
"Mosigvirus atk47",0,0,0
"Mosigvirus c120",0,0,0
"Mosigvirus efftwo",0,0,0
"Mosigvirus p000v",0,0,0
"Mosigvirus shsm521",0,0,0
"Mosquito densovirus BR/07",0,0,1
"Mosugukvirus pm2",0,0,1
"Moturavirus motura",0,0,0
"Moumouvirus australiense",0,0,0
"Moumouvirus goulettemassiliense",0,0,0
"Moumouvirus moumou",0,0,0
"Mudcatvirus tribby",0,0,0
"Mudcatvirus xenomorph",0,0,0
"Mufasoctovirus mufasa8",0,0,0
"Muldoonvirus PS2",11,29,0
"Muldoonvirus muldoon",62,86,0
"Muminvirus filifjonk",1,0,0
"Muminvirus mumin",0,0,0
"Muminvirus mymlan",0,0,0
"Muminvirus snusmum",0,0,0
"Muminvirus tooticki",0,0,0
"Murine roseolovirus",0,0,0
"Muromegalovirus muridbeta1",0,1,0
"Muromegalovirus muridbeta2",0,0,0
"Muromegalovirus muridbeta8",0,0,0
"Murrayvirus EC2",1,0,0
"Murrayvirus lumpael",0,0,0
"Muscavirus musdomesticae",0,0,0
"Muscodensovirus dipteran1",0,0,0
"Mydovirus BIS47",0,0,0
"Mydovirus mydo",0,0,0
"Mylasvirus persius",0,0,0
"Myotis gammaherpesvirus 8",0,0,0
"Myrnavirus myrna",0,0,0
"Myrnavirus phabba",0,0,0
"Mythimna unipuncta nucleopolyhedrovirus",0,0,0
"Mytilus sp. clam associated circular virus",0,0,0
"Myunavirus My1",0,0,0
"NY_014 poxvirus",0,0,0
"Nahantvirus 49C7",0,0,0
"Namakavirus smbcm6",0,0,0
"Nampongvirus ST79",0,0,0
"Nanhaivirus D5C",0,0,0
"Nankokuvirus PAKP3",0,0,0
"Nanovirus astragali",0,0,0
"Nanovirus medicagonis",0,0,0
"Nanovirus sophorae",0,0,0
"Narnavirus saccharominor",0,0,0
"Natevirus nate",1,1,0
"Nauglamirvirus anduin",0,0,0
"Negarvirus WP2",0,0,0
"Nekkelsvirus Nekkels",0,0,0
"Nephila clavipes virus 1",0,0,0
"Nephila clavipes virus 2",0,0,0
"Nepovirus cycas",0,0,0
"Nepovirus foliumflabelli",0,0,0
"Nepovirus petuniae",0,0,0
"Neptunevirus srim18",0,0,0
"Nereusvirus tusconc4",0,0,0
"Neritesvirus scam8",0,0,0
"Nerrivikvirus srim2",0,0,0
"Nerthusvirus achelous",0,2,0
"Nerthusvirus alpheus",0,0,0
"Nesevirus ev243",0,0,0
"Nevevirus P078",0,0,1
"Nevevirus P092",0,0,0
"Nevevirus P118",0,0,12
"Nevevirus P162",0,0,9
"Nevillevirus rabbitrun",0,0,0
"Nezavisimistyvirus Ea2809",0,0,0
"Nicoomyvirus moldensis",0,0,0
"Nieuwekanaalvirus KBNP1711",0,0,0
"Nilusvirus ssm2",0,0,0
"Nimduovirus N1M2",0,0,0
"Ningirsuvirus JA10",0,105,1
"Ningirsuvirus ninurta",6,114,0
"Nipunavirus Doca3",1,0,0
"Nipunavirus JG054",0,0,0
"Nipunavirus PaMx25",0,0,0
"Nipunavirus quinobequin",0,0,0
"Nitmarvirus maris",0,0,0
"Nitunavirus grass",0,0,0
"Njordvirus njord",2,2,0
"Nodensvirus spm2",0,0,0
"Nohrdovirus limihabitans",0,0,0
"Nonanavirus nv9NA",0,0,0
"Noumeavirus",0,0,0
"Novirhabdovirus hirame",0,2,0
"Novosibvirus stubb",0,0,0
"Nylescharonvirus LE4",0,0,0
"Nymphadoravirus thankyoujordi",0,0,0
"Obolenskvirus AB2",0,0,0
"Obolenskvirus AP22",0,0,0
"Obolenskvirus AbC62",0,0,0
"Obolenskvirus LZ35",0,0,0
"Obolenskvirus WCHABP1",0,0,0
"Obolenskvirus WCHABP12",0,0,0
"Oceanusvirus kaneohense",0,0,0
"Odonata-associated circular virus-9",0,0,0
"Ohlsrhavirus culex",0,0,0
"Okavirus flavicapitis",0,0,0
"Ollusvirus nomadae",0,0,0
"Ollusvirus shayangense",0,0,0
"Oneupvirus brutongaster",0,0,0
"Only Syngen Nebraska virus 5",0,0,0
"Ootivirus ichi",0,0,0
"Ophiovirus citri",0,0,0
"Opsiphanes invirae iflavirus 1",0,0,0
"Opuntia virus 2",0,0,0
"Orbivirus betamitchellense",0,0,0
"Orbivirus gammaequi",0,0,0
"Orbivirus ruminantium",0,0,0
"Orchidvirus orchid",0,0,0
"Orthoavulavirus newyorkense",0,0,0
"Orthobornavirus sciuri",0,0,0
"Orthobunyavirus batamaense",0,0,0
"Orthobunyavirus belemense",0,0,0
"Orthobunyavirus bushbushense",0,0,0
"Orthobunyavirus faceyense",0,0,0
"Orthobunyavirus guajaraense",0,0,0
"Orthobunyavirus gumbolimboense",0,0,0
"Orthobunyavirus heptayabaense",0,0,0
"Orthobunyavirus ileshaense",0,0,0
"Orthobunyavirus ingwavumaense",0,0,0
"Orthobunyavirus jatobalense",0,0,0
"Orthobunyavirus ketapangense",0,0,0
"Orthobunyavirus koongoli",0,0,0
"Orthobunyavirus lumboense",0,0,0
"Orthobunyavirus manzanillaense",0,0,0
"Orthobunyavirus maprikense",0,0,0
"Orthobunyavirus nepuyoi",0,0,0
"Orthobunyavirus oropoucheense",0,0,0
"Orthobunyavirus patoisense",0,0,0
"Orthobunyavirus schmallenbergense",0,2,0
"Orthobunyavirus shuniense",0,0,0
"Orthobunyavirus squalofluvii",0,0,0
"Orthobunyavirus tangaense",0,0,0
"Orthobunyavirus utingaense",0,0,0
"Orthobunyavirus wolkbergense",0,0,0
"Orthocurvulavirus trichodermae",0,0,0
"Orthoebolavirus bombaliense",0,0,0
"Orthoflavivirus denguei",0,0,0
"Orthoflavivirus japonicum",0,0,0
"Orthoflavivirus nilense",0,0,0
"Orthoflavivirus zikaense",0,0,0
"Orthohantavirus khabarovskense",0,0,0
"Orthohantavirus prospectense",0,0,0
"Orthonairovirus australiaense",0,0,0
"Orthonairovirus bushkeyense",0,0,0
"Orthonairovirus chimense",0,0,0
"Orthonairovirus huangpiense",0,0,0
"Orthonairovirus thiaforaense",0,0,0
"Orthonoravirus melanogastri",0,0,0
"Orthophasmavirus anophelae",0,0,0
"Orthophasmavirus chrysis",0,0,0
"Orthophasmavirus gandaense",0,0,0
"Orthophasmavirus philoctetis",0,0,0
"Orthopneumovirus muris",0,0,0
"Orthopoxvirus abatinomacacapox",0,0,0
"Orthopoxvirus camelpox",0,0,0
"Orthopoxvirus cowpox",0,0,0
"Orthopoxvirus ectromelia",0,0,0
"Orthopoxvirus monkeypox",0,0,0
"Orthopoxvirus raccoonpox",0,0,0
"Orthopoxvirus skunkpox",0,0,0
"Orthopoxvirus taterapox",0,0,0
"Orthopoxvirus vaccinia",0,0,0
"Orthopoxvirus variola",0,0,0
"Orthopoxvirus volepox",0,0,0
"Orthopteran miniambidensovirus 1",0,0,0
"Orthoreovirus mammalis",0,0,0
"Orthorubulavirus mapueraense",0,0,0
"Orthotospovirus alstroemerinecrosis",0,0,0
"Orthotospovirus arachinecrosis",0,0,0
"Orthotospovirus callaflavi",0,0,0
"Orthotospovirus chrysanthinecrocaulis",0,0,0
"Orthotospovirus cucurbichlorosis",0,0,0
"Orthotospovirus glycininecrovenae",0,0,0
"Orthotospovirus hippeflavi",0,0,0
"Orthotospovirus iridimaculaflavi",0,0,0
"Orthotospovirus melotessellati",0,2,0
"Orthotospovirus polygonianuli",0,0,0
"Oryzopoxvirus cotia",1,0,0
"Oscarsovirus oscarso",0,0,0
"Oshimavirus P7426",0,0,0
"Ostreavirus ostreidmalaco1",0,0,0
"Ostreococcus lucimarinus virus 1",0,0,0
"Ostreococcus lucimarinus virus 2",0,0,0
"Ostreococcus lucimarinus virus 7",0,0,0
"Ostreococcus lucimarinus virus OlV5",0,0,0
"Otagovirus PE09",0,0,0
"Otakuvirus Tsm2",0,0,0
"Otakuvirus otaku",0,0,0
"Paadamvirus RHEph01",0,0,0
"Paclarkvirus IPP66",0,0,0
"Pacmanvirus A23",0,0,0
"Pagavirus S05C849",0,0,0
"Paguronivirus eremitae",0,0,0
"Pahexavirus ATCC29399BC",0,0,0
"Pahexavirus ATCC29399BT",0,0,0
"Pahexavirus P100A",1,1,0
"Pahexavirus P100D",0,0,0
"Pahexavirus P101A",0,0,0
"Pahexavirus P104A",0,0,0
"Pahexavirus P105",0,0,0
"Pahexavirus P11",0,0,0
"Pahexavirus P144",0,0,0
"Pahexavirus P91",0,0,0
"Pahexavirus PA6",0,0,0
"Pahexavirus PAD20",0,0,0
"Pahexavirus PAS50",0,0,0
"Pahexavirus PHL009M11",0,0,0
"Pahexavirus PHL025M00",0,0,0
"Pahexavirus PHL037M02",2,1,0
"Pahexavirus PHL041M10",1,0,0
"Pahexavirus PHL060L00",0,0,0
"Pahexavirus PHL067M01",1,0,0
"Pahexavirus PHL070N00",0,1,0
"Pahexavirus PHL071N05",0,0,0
"Pahexavirus PHL082M03",0,0,0
"Pahexavirus PHL092M00",0,1,0
"Pahexavirus PHL095N00",0,0,0
"Pahexavirus PHL111M01",0,0,0
"Pahexavirus PHL112N00",0,0,0
"Pahexavirus PHL113M01",0,0,0
"Pahexavirus PHL114L00",0,0,0
"Pahexavirus PHL116M00",0,0,0
"Pahexavirus PHL117M01",0,0,1
"Pahexavirus PHL132N00",0,0,0
"Pahexavirus PHL141N00",0,0,0
"Pahexavirus PHL152M00",0,0,0
"Pahexavirus PHL171M01",0,0,1
"Pahexavirus PHL179M00",0,0,0
"Pahexavirus PHL199M00",0,0,0
"Pahexavirus PHL301M00",0,0,0
"Pahexavirus PHL308M00",0,0,0
"Pahexavirus SKKY",0,0,0
"Pahexavirus attacne",0,0,1
"Pahexavirus keiki",0,0,0
"Pahexavirus kubed",0,1,0
"Pahexavirus lauchelly",0,0,0
"Pahexavirus mrAK",0,0,0
"Pahexavirus ouroboros",0,1,0
"Pahexavirus pacnes201215",1,0,0
"Pahexavirus pirate",0,0,0
"Pahexavirus procrass1",0,0,0
"Pahexavirus solid",0,0,0
"Pahexavirus stormborn",0,0,0
"Pahexavirus wizzo",0,0,0
"Pahsextavirus pAh6C",0,0,0
"Palaemonetes kadiakensis Mississippi grass shrimp associated circular virus",0,0,0
"Palaemonvirus pssm7",0,0,0
"Pamexvirus PaMx28",0,0,0
"Pamexvirus phiH1",0,0,0
"Pamexvirus phiH2",0,0,0
"Pamirivirus faecium",0,0,1
"Pandoravirus dulcis",0,2,0
"Pandoravirus inopinatum",0,0,1
"Pandoravirus macleodensis",3,2,2
"Pandoravirus neocaledonia",7,1,9
"Pandoravirus quercus",0,0,0
"Pandoravirus salinus",8,18,12
"Pankowvirus WGPS6",0,0,0
"Parahenipavirus mojiangense",0,0,0
"Parajeilongvirus hainanense",0,0,0
"Paramecium bursaria Chlorella virus AR158",1,0,0
"Parapoxvirus bovinestomatitis",0,0,0
"Parapoxvirus orf",0,0,0
"Parapoxvirus pseudocowpox",0,0,0
"Parapoxvirus reddeerpox",0,0,0
"Pararubulavirus teviotense",0,0,0
"Parissaclayvirus POU148",0,0,0
"Parlovirus parlo",0,0,0
"Passerivirus sp.",0,0,0
"Paundivirus hollandii",0,0,0
"Pavtokvirus pavtok",0,0,0
"Pawinskivirus PS119XW",0,0,0
"Pbunavirus USP1",0,0,0
"Pecentumvirus LMSP25",0,0,0
"Pedosvirus S28C3",0,0,0
"Peduovirus P22H1",0,0,0
"Peduovirus P22H4",0,0,0
"Peekayseptimavirus PK7R",0,0,0
"Pefuambidensovirus blattodean1",0,0,0
"Pelagivirus HTVC019P",0,0,0
"Pemunavirus PM1",0,0,0
"Penicillium aurantiogriseum partitivirus 1",0,0,0
"Penoulivirus epicocci",0,0,0
"Percavirus equidgamma2",0,0,0
"Percavirus equidgamma5",1,6,1
"Percavirus felidgamma1",0,0,0
"Percavirus phocidgamma3",0,0,0
"Percavirus rhinolophidgamma1",0,0,0
"Peridroma alphabaculovirus",0,0,0
"Peropuvirus dentati",1,0,0
"Peropuvirus juli",0,0,0
"Persistencevirus persistence",0,0,0
"Pestivirus L",0,0,0
"Pestivirus suis",0,0,0
"Petruschkyvirus QDWS595",0,0,0
"Petsuvirus pEtSU",0,0,0
"Pettyvirus petty",0,0,0
"Pfluvirus PFP1",0,0,0
"Phabiovirus phabio",0,0,0
"Phaeocystis globosa virus",1,0,0
"Phaeovirus feldmanniae",0,0,0
"Phaeovirus unasiliculosus",0,0,0
"Phapecoctavirus ESCO5",0,0,0
"Phapecoctavirus nieznany",0,0,0
"Phietavirus X2",0,0,0
"Phikzvirus PA7",0,0,0
"Phikzvirus phiKZ",0,0,0
"Philippevirus philippe",0,0,0
"Phistoryvirus phistory",0,0,0
"Phlebovirus leticiaense",0,0,0
"Phlebovirus oriximinaense",0,0,0
"Phlebovirus penshurtense",0,0,0
"Phlebovirus riftense",0,0,0
"Phleivirus Phlei",0,0,0
"Phobosvirus PspYZU01",0,0,0
"Phutvirus PPpW4",0,0,0
"Phytophthora infestans RNA virus 1",0,0,0
"Picobirnavirus sp.",0,0,0
"Pidchovirus stethori",0,0,0
"Piedvirus IMEDE1",0,0,0
"Pienvirus R801",0,0,0
"Pijolavirus PspYZU08",0,1,1
"Pikminvirus pikmin",0,0,0
"Piorkowskivirus pv9874",0,0,0
"Piscichuvirus sanxiaense",0,0,0
"Pityohyphantes rubrofasciatus iflavirus",0,0,0
"Piura virus",0,0,1
"Planaria asexual strain-specific virus-like element type 1",0,0,0
"Plateaulakevirus pv4L372XY",0,0,0
"Pletoitzamnavirus pescaderoense",0,0,0
"Plotvirus plot",0,0,0
"Pogseptimavirus VspSw1",0,0,0
"Poindextervirus rogue",0,0,0
"Pokkenvirus piffle",0,0,0
"Pokkenvirus pokken",0,0,1
"Polerovirus GRAV",0,0,0
"Polerovirus MABYV",0,0,0
"Polybotosvirus Atuph07",0,0,0
"Pomovirus solibetae",0,0,0
"Pomovirus viciae",0,0,0
"Pontusvirus syn19",0,0,0
"Porcine associated porprismacovirus",0,0,0
"Porprismacovirus sheas1",0,0,0
"Poseidonvirus SCBP4",0,0,0
"Potamipivirus aconstanci",0,0,0
"Potamoivirus tusconj",0,0,0
"Potexvirus bambusae",0,0,0
"Potexvirus papayae",0,0,0
"Potyvirus ascaloniae",0,0,0
"Potyvirus bidenstessellati",0,0,0
"Potyvirus cannae",0,0,0
"Potyvirus catharantessellati",0,0,0
"Potyvirus clitoriae",0,0,0
"Potyvirus cliviaflavilineae",0,0,0
"Potyvirus gomphocarphi",0,0,0
"Potyvirus lactucae",0,2,0
"Potyvirus musae",0,0,0
"Potyvirus ornithogalitessellati",0,0,0
"Potyvirus passifloramaculae",0,0,0
"Potyvirus verbenae",0,0,0
"Potyvirus vetuberosi",0,0,0
"Potyvirus wisteriae",0,0,0
"Potyvirus yililii",0,0,0
"Pourcelvirus Axy10",0,0,0
"Prasinovirus micromonas",0,0,0
"Prasinovirus ostreotauri",0,0,0
"Predatorvirus predator",0,0,0
"Pregotovirus heba",0,0,0
"Priunavirus PR1",0,0,0
"Priunavirus PSTCR5",0,0,0
"Privateervirus 3H1020",0,0,0
"Privateervirus pv009",0,0,0
"Protoambidensovirus dipteran1",0,0,0
"Protoambidensovirus incertum1",0,0,0
"Protoambidensovirus lepidopteran1",0,0,0
"Prunevirus armeniacae",0,0,0
"Przondovirus IME205",0,0,0
"Przondovirus K5",0,0,0
"Przondovirus K52",1,0,0
"Przondovirus K54",0,0,0
"Przondovirus KP32i196",0,0,0
"Przondovirus henu1",0,0,0
"Pseudotevenvirus RB16",0,0,0
"Pseudotevenvirus RB43",0,0,0
"Pseudotevenvirus gap161",0,0,0
"Pseudotevenvirus lw1",0,0,0
"Pseudotevenvirus margaery",0,0,0
"Pseudotevenvirus miller",0,0,0
"Pteropopoxvirus pteropox",0,0,0
"Pulverervirus PFR1",0,0,0
"Pumpernickelvirus pumpernickel",0,0,0
"Pylasvirus KpCHEMY26",0,0,0
"Pythium polare bunya-like RNA virus 1",0,0,0
"Qadamvirus SB28",0,0,0
"Qingdaovirus J21",0,0,0
"Quadragintavirus ev129",0,0,0
"Quang Binh virus",0,0,0
"Qubevirus faecium",0,0,0
"Questintvirus Q54",0,0,0
"Quhwahvirus pulchra",0,0,0
"Quivirus qui",0,0,0
"Quwivirus caviidbeta2",0,0,0
"Quwivirus tupaiidbeta1",0,1,0
"RD114 retrovirus",0,0,0
"Rahariannevirus raharianne",0,0,0
"Raleighvirus darolandstone",0,0,0
"Ranavirus epinephelus1",0,0,0
"Ranavirus perca1",0,0,0
"Ranavirus rana1",0,0,0
"Raphidovirus japonicum",7,23,16
"Raspberry latent virus",0,0,0
"Ravarandavirus kac65v151",0,0,0
"Ravinvirus N15",0,0,0
"Red clover cryptic virus 1",0,0,0
"Refugevirus darthphader",0,0,0
"Reptarenavirus aurei",0,0,0
"Reyvirus mrmagoo",0,0,0
"Reyvirus rey",0,0,0
"Rhadinovirus atelinegamma3",0,0,0
"Rhadinovirus colobinegamma1",0,0,0
"Rhadinovirus cricetidgamma2",0,0,0
"Rhadinovirus humangamma8",0,0,0
"Rhadinovirus macacinegamma12",0,0,0
"Rhadinovirus muridgamma7",0,0,0
"Rhadinovirus saimiriinegamma2",0,0,0
"Rheavirus sinusmexicani",0,3,0
"Rhizoctonia solani dsRNA virus 2",1,0,0
"Rhizoctonia solani dsRNA virus 4",0,0,0
"Rhizophagus diaphanum mitovirus 2",0,0,0
"Richievirus auxilium",0,0,0
"Rigallicvirus P106B",0,0,0
"Rimavirus drgrey",0,0,0
"Rimavirus rima",0,0,0
"Risingsunvirus risingsun",0,0,0
"Risoevirus cronus",0,0,110
"Riverridervirus riverrider",0,0,0
"Rivsvirus SNUABM5",0,0,0
"Rodentiumvirus CrRp3",0,0,0
"Rodentiumvirus LL11",0,0,0
"Rogunavirus E41c",0,0,2
"Rogunavirus Jk06",0,0,0
"Ronodorvirus pssm3",0,0,0
"Ronodorvirus ssm4",0,0,0
"Rosellinia necatrix partitivirus 8",0,0,0
"Rosemountvirus BP63",0,0,0
"Rosemountvirus SE13",0,0,0
"Rosemountvirus birk",0,0,0
"Rosenblumvirus CSA13",0,0,0
"Roseolovirus humanbeta6a",0,0,0
"Roseolovirus humanbeta6b",0,0,0
"Roseolovirus humanbeta7",0,1,1
"Roseolovirus macacinebeta9",0,0,0
"Roseolovirus suidbeta2",1,0,1
"Roseovarius Plymouth podovirus 1",0,0,0
"Rotavirus alphagastroenteritidis",0,0,0
"Rotavirus jotagastroenteritidis",0,0,0
"Rotavirus phigastroenteritidis",0,0,0
"Rousettus aegyptiacus adenovirus",0,0,0
"Rovertvirus rovert",0,0,1
"Rubodvirus prosserense",0,0,0
"Sabourvirus sv4HA13",0,1,1
"Saclayvirus Aci05",0,0,1
"Sadwavirus citri",0,0,0
"Saintgironsvirus LE1",0,0,0
"Sakkuthvirus culiziae",0,0,0
"Salacisavirus pssm2",0,0,0
"Salasvirus Gxv1",0,0,0
"Salchichonvirus LP65",0,0,0
"Salmondvirus JA11",0,0,0
"Salmonpoxvirus gillpox",0,0,0
"Salterprovirus australiense",0,0,0
"Saltrevirus sv64795sal3",0,0,0
"Salvovirus salvo",0,0,0
"Samistivirus bmoc",0,0,0
"Samistivirus braelyn",0,0,0
"Samistivirus evy",0,0,0
"Samsavirus crystalli",0,0,0
"Samwavirus StAB",0,0,0
"Sanovirus sano",0,0,0
"Sanstrivirus gerridis",0,0,0
"Sanxia sobemo-like virus 1",0,0,0
"Sanxia water strider virus 8",0,0,0
"Sanxia water strider virus 9",0,0,0
"Sapovirus sapporoense",0,0,0
"Sargevirus sarge",0,0,0
"Sarumanvirus bcepsaruman",0,0,0
"Sasquatchvirus Y3",0,0,0
"Satomivirus wayo",0,0,0
"Scappvirus scapp",0,0,0
"Scarabeuvirus blattae",0,0,0
"Scarabeuvirus dentati",0,0,0
"Scarabeuvirus lampyris",0,0,0
"Schiekvirus EFP01",0,0,0
"Schiekvirus Shef16",0,0,0
"Schiekvirus sv113",0,0,0
"Schizotequatrovirus KVP40",0,0,0
"Schizotequatrovirus valkk3",0,0,0
"Schmidvirus KHP30",0,0,0
"Schmittlotzvirus sv771",0,0,0
"Schnabeltiervirus schnabeltier",0,0,0
"Scindoambidensovirus hemipteran1",0,0,0
"Sciuripoxvirus squirrelpox",0,1,0
"Sciuriunavirus SscM1",0,0,0
"Sclerotimonavirus alphabotrytidis",0,0,0
"Scloravirus humicola",0,0,0
"Scutavirus testudinidalpha3",0,0,0
"Scyllavirus aitchnine",0,0,0
"Seahorsevirus seahorse",0,0,0
"Sednavirus SRIP2",0,0,0
"Sedonavirus tusconh",0,0,0
"Segzyvirus segz1",0,0,0
"Seoulvirus SPN3US",0,0,0
"Septimatrevirus Ab26",0,0,0
"Septimatrevirus C1",0,0,0
"Septimatrevirus DoCa1",0,0,0
"Septimatrevirus SCUTS3",0,0,0
"Sepunavirus IPLAC1C",0,0,0
"Sepunavirus SEP1",0,0,0
"Serangoonvirus essarone",0,0,0
"Sertoctavirus SRT8",0,0,0
"Serwervirus 201phi21",0,1,0
"Seunavirus 4MG",0,0,0
"Seunavirus GAP31",0,0,0
"Seussvirus seuss",0,0,0
"Sewage-associated circular DNA virus-28",0,0,0
"Sewage-associated circular DNA virus-30",0,0,0
"Sextaecvirus SEP9",0,1,0
"Sextaecvirus sextaec",0,0,0
"Shahe heteroptera virus 4",0,0,0
"Shahe narna-like virus 3",0,0,0
"Shahe picorna-like virus 1",0,0,0
"Shahe picorna-like virus 11",0,0,0
"Shalavirus Shbh1",0,0,0
"Shandongvirus H101",0,0,0
"Shangdongvirus ply2008005c",0,0,0
"Shapirovirus swift",0,0,0
"Sharonstreetvirus A18P4",0,0,0
"Sharonstreetvirus BUCT551",0,0,0
"Sharonstreetvirus LAh7",0,0,0
"Shaspivirus aranei",0,0,0
"Sheenvirus Sheen",0,0,0
"Shenlongvirus PPSC2",0,0,0
"Shenzhenvirus AhSzq1",2,0,0
"Shenzhenvirus AhSzw1",0,0,0
"Shirahamavirus PTm1",0,0,0
"Shizishanvirus phCDa",0,0,0
"Shockervirus shocker",0,0,0
"Shuangao insect virus 7",0,45,0
"Siadenovirus gallopavotertii",0,0,0
"Siadenovirus raptoris",0,0,0
"Siaravirus siara",0,0,0
"Siatvirus Lz245",0,0,0
"Sicinivirus ahiberni",0,0,0
"Sieqvirus S42C7",0,0,0
"Sierra dome spider associated circular virus 2",0,0,0
"Sigmavirus sichuan",0,0,0
"Silviavirus SA11",0,0,0
"Silviavirus remus",0,0,0
"Silviavirus stau2",0,0,0
"Simplexvirus atelinealpha1",0,0,0
"Simplexvirus macropodidalpha2",0,0,0
"Simplexvirus paninealpha3",0,0,0
"Simplexvirus pteropodidalpha1",5,1,0
"Simplexvirus pteropodidalpha2",0,0,0
"Siophivirus SIOphi",0,0,0
"Siovirus americense",0,0,0
"Siovirus coreense",0,0,0
"Skarprettervirus skarpretter",0,0,0
"Skunavirus ASCC273",0,0,0
"Skunavirus ASCC465",0,0,0
"Skunavirus CHPC959",0,0,0
"Skunavirus LP9908",0,0,0
"Skunavirus P1532",1,0,0
"Skunavirus P656",0,0,0
"Skunavirus P680",0,0,0
"Skunavirus bIBBF12",0,0,0
"Skunavirus sv05601",0,0,0
"Skunavirus sv16802",0,0,0
"Skunavirus sv38507",0,0,0
"Skunavirus sv42",0,0,0
"Skunavirus sv51701",0,0,0
"Skunavirus sv56301",0,0,0
"Skunavirus sv62605",0,0,0
"Skunavirus sv66901",0,0,0
"Skunavirus sv7",0,0,0
"Slashvirus slash",0,0,0
"Slashvirus stahl",0,0,0
"Slopekvirus eap3",0,0,0
"Smoothievirus bachita",0,0,0
"Snuvirus SNUABM7",0,0,0
"Sobemovirus BSSV",0,0,0
"Sobemovirus SBMV",0,0,0
"Sogarnavirus gustavseniae",0,0,0
"Sogarnavirus kitsilanoensis",0,0,0
"Solendovirus venanicotianae",0,0,0
"Sonalivirus sonali",0,0,1
"Sophritavirus pW2",0,0,0
"Sophritavirus sophrita",0,0,0
"Sopolycivirus gammalasii",0,24,0
"Sopolycivirus solenopsis",0,0,2
"Sortsnevirus IME279",0,0,0
"Sortsnevirus sortsne",0,0,0
"Sourvirus sour",0,0,0
"Sparkyvirus sparky",0,0,0
"Spicivirus shi",0,0,0
"Spissistilus festinus reovirus",0,0,0
"Splendidredvirus splendidred",0,0,0
"Spodoptera exigua multiple nucleopolyhedrovirus",3,7,4
"Spodoptera litura nucleopolyhedrovirus II",0,0,0
"Sputnikvirus mimiviri",0,0,0
"Squashvirus hyperion",0,0,0
"Squirrelpox virus Berlin_2015",0,0,0
"Steinhofvirus sv8324",1,1,0
"Steller sea lion vesivirus",0,0,0
"Stoningtonvirus VBP47",0,0,0
"Stopavirus HTVC011P",0,0,0
"Stralarivirus fragariae",0,0,0
"Stubburvirus LKA1",0,0,0
"Sugarlandvirus IME260",0,0,0
"Sugarlandvirus sugarland",0,0,0
"Suipoxvirus swinepox",0,0,0
"Sukkupivirus idyn",0,0,0
"Sulfolobus islandicus rudivirus 3",0,0,0
"Sulfolobus monocaudavirus SMV1",0,0,0
"Sulfolobus monocaudavirus SMV2",0,0,0
"Sulfolobus monocaudavirus SMV3",0,0,0
"Sulfolobus virus STSV1",0,0,0
"Sunrhavirus bimbo",0,0,0
"Sunrhavirus matariya",0,0,0
"Sunshinevirus reptilis",0,0,0
"Suseptimavirus 101114UKE3",0,0,0
"Suseptimavirus ECBP2",1,0,3
"Suseptimavirus SU7",0,0,0
"Tacheng tick virus 8",0,0,0
"Taipeivirus 0507KN21",0,0,0
"Taipeivirus IME250",0,0,1
"Taipeivirus KpS110",0,0,0
"Takahashivirus PBS1",0,0,0
"Tamkungvirus ST4",0,2,0
"Tanay virus",0,0,0
"Tangaroavirus NATL2A133",0,0,0
"Tangaroavirus PSSP10",0,0,0
"Tangaroavirus tv951510a",0,0,0
"Tantvirus tant",0,0,0
"Taupapillomavirus 1",0,0,0
"Teetrevirus 2050H2",0,0,0
"Teetrevirus ECA2",0,1,0
"Teetrevirus LL2",1,0,0
"Teetrevirus SH1",0,0,0
"Tefnutvirus siom18",0,1,0
"Tegunavirus fheyen901",0,0,0
"Tegunavirus r1rt",0,0,0
"Tegunavirus yenmtg1",0,0,0
"Tenuivirus oryzabrevis",0,0,0
"Tenuivirus persotritici",0,0,0
"Tepukevirus Psa21",0,0,0
"Tequatrovirus T4",0,0,0
"Tequatrovirus T6",0,0,0
"Tequatrovirus gee4507",0,1,0
"Tequatrovirus geeight",0,0,0
"Tequatrovirus ime09",0,0,0
"Tequatrovirus kaw",0,0,0
"Tequatrovirus pd112",0,1,0
"Tequatrovirus pe37",0,0,0
"Tequatrovirus pst",0,0,0
"Tequatrovirus shfml11",0,0,0
"Tequatrovirus zeen18",0,0,0
"Tequintavirus H8",0,0,0
"Tequintavirus L6jm",0,0,0
"Tequintavirus NBEco001",0,0,0
"Tequintavirus NBSal005",0,0,0
"Tequintavirus T5",0,0,0
"Tequintavirus VEc33",0,0,0
"Tequintavirus mar004NP2",0,0,0
"Terapinvirus suzy",0,0,0
"Teseptimavirus 13a",0,0,0
"Teseptimavirus C5",0,0,0
"Teseptimavirus HZ2R8",0,0,0
"Teseptimavirus NCA",0,0,0
"Teseptimavirus T7",0,2,0
"Teseptimavirus tv3A8767",0,0,0
"Teseptimavirus tv64795ec1",0,0,1
"Teubervirus AM6",1,0,30
"Teubervirus LW31",2,0,47
"Teubervirus P087",2,0,50
"Teubervirus P596",0,0,62
"Teubervirus Q1",7,0,237
"Thalassavirus chester",0,0,0
"Thaumasvirus stim4",0,0,0
"Thaumetopoea pityocampa iflavirus 1",0,0,0
"Theiavirus salishense",0,0,1
"Theosmithvirus tv0105phi72",0,0,0
"Thika virus",0,0,0
"Thomixvirus OH3",0,0,0
"Thornevirus SP15",0,0,0
"Tibrovirus beatrice",0,0,0
"Tibrovirus mundri",0,0,0
"Tidunavirus VP4B",0,1,0
"Tidunavirus pTD1",0,0,0
"Tieomvirus BT1011",0,0,0
"Tilapinevirus tilapiae",0,0,0
"Timshelvirus droogsarmy",0,0,0
"Tinduovirus TIN2",0,0,0
"Tlsvirus stevie",0,0,0
"Tobamovirus capsici",0,2,1
"Tobamovirus maculatessellati",0,0,0
"Tobamovirus tabaci",0,0,0
"Tobamovirus tropici",1,2,0
"Tokyovirus A1",1,0,0
"Tonitrusvirus shimokitaense",0,0,0
"Torovirus banli",0,0,0
"Torovirus bovis",0,0,0
"Torradovirus carotae",0,0,0
"Torvergatavirus MMDA13",0,0,0
"Totivirus ichi",0,0,0
"Totivirus roku",0,0,0
"Toursvirus dptv1a",0,0,0
"Tremovirus aetremori",0,0,0
"Triatovirus himetobi",1,1,0
"Triatovirus hocoagulatae",0,0,0
"Triatovirus plastali",0,0,0
"Trichoplusia ni ascovirus 2c",0,0,0
"Triduovirus Tr2",0,0,0
"Trinifflemingvirus I19",3,0,0
"Trinifflemingvirus Y68",0,1,0
"Triniovirus yonagoense",0,0,0
"Troedvirus Phi15",0,0,1
"Tropivirus awaski",0,0,0
"Trungvirus VEN",0,0,0
"Tsamsavirus izhevsk",1,0,0
"Tsamsavirus tsamsa",0,0,0
"Tsarbombavirus BCP78",0,0,0
"Tsarbombavirus tsarbomba",0,0,0
"Tulanevirus 50ahydr13pp",0,0,0
"Tulanevirus 60ahydrpp",0,0,0
"Tulanevirus aes12",0,0,0
"Tulanevirus aes508",0,0,0
"Tunavirus ISF001",0,0,0
"Tunavirus T1",0,0,0
"Tungrovirus oryzae",0,0,0
"Tupanvirus altamarinense",2,1,0
"Tupanvirus salinum",0,4,0
"Tupavirus durham",0,0,0
"Turbidovirus joshkayV",0,0,0
"Twortvirus twort",0,0,0
"Tybeckvirus SAC12B",0,0,0
"Tybeckvirus tv521B",0,0,0
"Tymovirus abelmoschi",0,0,0
"Tymovirus plantagonis",0,2,0
"Uetakevirus phiV10",0,0,0
"Ulegvirus freckenfeldense",0,0,0
"Unaquatrovirus uv1A4",0,0,0
"Unosvirus UNOSLW1",0,0,0
"Unuamitovirus scsc1",0,0,0
"Unyawovirus DUPPII",0,0,0
"Usarudivirus acidum",0,0,0
"Usarudivirus yellowstonense",0,0,0
"Uukuvirus rukutamaense",0,0,0
"Uukuvirus yongjiaense",0,0,0
"Uwajimavirus PLgW1",0,0,1
"Valbvirus ValB1MD2",0,0,0
"Vapochuvirus trialeurodis",0,0,0
"Vapseptimavirus VAP7",0,0,0
"Varicellovirus bovinealpha5",0,0,0
"Varicellovirus bubalinealpha1",0,0,0
"Varicellovirus canidalpha1",1,1,0
"Varicellovirus caprinealpha1",0,0,0
"Varicellovirus cervidalpha2",1,0,1
"Varicellovirus equidalpha1",0,0,0
"Varicellovirus equidalpha4",0,0,0
"Varicellovirus equidalpha9",0,0,0
"Varicellovirus felidalpha1",0,0,0
"Varicellovirus monodontidalpha1",0,0,0
"Varicellovirus phocidalpha1",0,0,0
"Varicellovirus suidalpha1",0,0,0
"Varicosavirus alopecuri",0,0,0
"Varicosavirus lactucae",0,0,0
"Varunavirus BUCT194",0,0,0
"Vectrevirus sp. 'cee'",0,0,0
"Veewebvirus vwb",0,0,0
"Velarivirus tricordylinae",0,0,0
"Vellamovirus rhodeisland44",0,0,0
"Vellamovirus syn1",0,0,0
"Vequintavirus JES2013",0,0,0
"Vequintavirus SYGMH1",0,0,0
"Vequintavirus phiWec193",0,0,0
"Veravirus septentrionalis",0,0,0
"Verticillium dahliae partitivirus 1",0,0,0
"Vesiculovirus carajas",0,0,0
"Vesiculovirus chandipura",0,0,0
"Vesiculovirus mediterranean",0,0,0
"Vesiculovirus mejal",0,0,0
"Vesiculovirus perinet",0,0,0
"Vesiculovirus piry",0,0,0
"Vespertilionpoxvirus eptesipox",0,0,0
"Vicoquintavirus Pvco5",0,0,0
"Victorivirus jyu",0,0,0
"Vipetofemvirus nattely",0,0,0
"Vipetofemvirus vipetofem",0,0,0
"Vipunavirus pVp1",0,0,0
"Vitivirus vaccinii",0,0,0
"Vojvodinavirus MW2",0,0,0
"Votkovvirus S28C10",0,0,0
"Waedenswilvirus S6",0,0,9
"Waewaevirus limezero",0,0,0
"Wakandavirus wakanda",0,0,0
"Wanderervirus wanderer",0,0,0
"Wanjuvirus PP2",0,0,0
"Warsawvirus wv3MF5",0,0,0
"Watanabevirus wv3521",0,0,0
"Wbetavirus mcsteamy",0,0,0
"Weaselvirus weasel",0,0,0
"Webervirus F20",3,0,0
"Webervirus FZ10",1,0,0
"Webervirus KL",0,0,0
"Webervirus pK8",0,0,0
"Webervirus shelby",0,0,0
"Wellingtonvirus wellington",0,0,0
"Wenling picorna-like virus 4",0,0,0
"Wenzhou picorna-like virus 14",0,0,0
"Wenzhou picorna-like virus 28",0,0,0
"Wenzhou picorna-like virus 36",0,0,0
"Wenzhou picorna-like virus 40",0,0,0
"Wenzhou picorna-like virus 44",0,0,0
"Wenzhou tombus-like virus 11",728,1391,974
"Wenzhou tombus-like virus 8",0,0,0
"White spot syndrome virus",0,0,0
"Whopevirus animalis",0,0,0
"Wifcevirus WFC",0,0,0
"Wilsonroadvirus Sd1",0,0,1
"Winklervirus chi14",0,0,0
"Winklervirus xtwenty",1,0,0
"Woesvirus woes",0,0,0
"Wongtaivirus HK542",0,0,0
"Wotdevirus murinus",0,0,0
"Wphvirus BPS10C",0,0,0
"Wphvirus BPS13",0,0,0
"Wphvirus WPh",0,0,0
"Wroclawvirus PA5oct",0,0,0
"Wuhan arthropod virus 2",0,1,0
"Wuhan coneheads virus 1",0,0,0
"Wuhan heteroptera virus 2",0,0,0
"Wuhan insect virus 11",0,0,0
"Wuhan insect virus 13",0,0,0
"Xenophyvirus mathesonense",0,0,0
"Xooduovirus Xoosp2",0,0,1
"Xoxocotlavirus X228B",0,0,0
"Xuquatrovirus PTXU04",0,0,0
"Yangvirus yang",0,0,0
"Yatapoxvirus tanapox",0,0,0
"Yatapoxvirus yabapox",0,0,0
"Yautsimvirus HK140",0,0,0
"Yellowseavirus thirtyeight",0,0,0
"Yellowstone lake mimivirus",0,0,0
"Yellowstone lake phycodnavirus 1",0,1,0
"Yellowstone lake phycodnavirus 2",0,0,0
"Yihwangvirus pW4",0,0,0
"Yoloswagvirus yoloswag",0,0,1
"Yonginvirus EaP8",10,234,111
"Yongsan iflavirus 1",0,0,0
"Yonseivirus N137",0,0,0
"Yonseivirus seifer",0,0,0
"Youngvirus G1",0,0,0
"Yuavirus LKO4",0,0,0
"Yuavirus yua",0,0,0
"Yushanluvirus satich",0,0,0
"Yvonnevirus yvonnetastic",0,0,0
"Zedzedvirus zz1",0,0,0
"Zetavirus zeta1847",0,0,0
"Zhangqianvirus IME1354",0,0,0
"Zhejiang mosquito virus 1",10532,6650,2429
"Zhonglingvirus SAP012",0,1,0
"Zhoulongquanvirus esscess",0,1,1
"Zurivirus zuri",0,0,0
